// HEADCRASH Format Util V1.8 -- 1541/1581 track-at-a-time disk formatter
// by Robert Mech (rwmech), https://github.com/rwmech/c64_HEADCRASH_Format_Util
// Generated with tools/bin2header.mjs from dist/headcrash.prg at commit 9fc9e11.
//
// MIT License
//
// Copyright (c) 2026 Robert Mech
//
// Permission is hereby granted, free of charge, to any person obtaining a copy
// of this software and associated documentation files (the "Software"), to deal
// in the Software without restriction, including without limitation the rights
// to use, copy, modify, merge, publish, distribute, sublicense, and/or sell
// copies of the Software, and to permit persons to whom the Software is
// furnished to do so, subject to the following conditions:
//
// The above copyright notice and this permission notice shall be included in all
// copies or substantial portions of the Software.
//
// THE SOFTWARE IS PROVIDED "AS IS", WITHOUT WARRANTY OF ANY KIND, EXPRESS OR
// IMPLIED, INCLUDING BUT NOT LIMITED TO THE WARRANTIES OF MERCHANTABILITY,
// FITNESS FOR A PARTICULAR PURPOSE AND NONINFRINGEMENT. IN NO EVENT SHALL THE
// AUTHORS OR COPYRIGHT HOLDERS BE LIABLE FOR ANY CLAIM, DAMAGES OR OTHER
// LIABILITY, WHETHER IN AN ACTION OF CONTRACT, TORT OR OTHERWISE, ARISING FROM,
// OUT OF OR IN CONNECTION WITH THE SOFTWARE OR THE USE OR OTHER DEALINGS IN THE
// SOFTWARE.

#ifndef HEADCRASH_PRG_H
#define HEADCRASH_PRG_H

PROGMEM static const unsigned char headcrash_prg[] = {
	0x01, 0x08, 0x0b, 0x08, 0x20, 0x03, 0x9e, 0x32, 0x30, 0x36, 0x31, 0x00,
	0x00, 0x00, 0xa5, 0x01, 0x8d, 0xef, 0x55, 0x29, 0xf8, 0x09, 0x06, 0x85,
	0x01, 0xba, 0x8e, 0xf0, 0x55, 0x20, 0x17, 0x56, 0x20, 0x33, 0x4c, 0x20,
	0xe3, 0x47, 0x48, 0x20, 0xfa, 0x47, 0xa2, 0x19, 0xbd, 0xf1, 0x55, 0x95,
	0x02, 0xca, 0x10, 0xf8, 0x68, 0x85, 0x90, 0xae, 0xf0, 0x55, 0x9a, 0xae,
	0xef, 0x55, 0x86, 0x01, 0x60, 0xd8, 0x20, 0x9f, 0x55, 0x4c, 0xe9, 0x55,
	0xa9, 0x08, 0x20, 0xca, 0x4a, 0xa9, 0x20, 0x20, 0xb6, 0x4a, 0xa1, 0x02,
	0xa0, 0x1c, 0x20, 0xc1, 0x48, 0x38, 0xe9, 0x07, 0x20, 0xb6, 0x4a, 0xa0,
	0x01, 0xa2, 0x00, 0xb1, 0x02, 0xa0, 0x1c, 0x20, 0xc1, 0x48, 0x38, 0xe9,
	0x01, 0x20, 0xb6, 0x4a, 0xa0, 0x04, 0x20, 0x86, 0x49, 0x20, 0xa9, 0x48,
	0x20, 0xcc, 0x4a, 0xa0, 0x06, 0x20, 0x86, 0x49, 0xa0, 0x90, 0x20, 0xc1,
	0x48, 0x20, 0x0d, 0x48, 0x20, 0xcc, 0x4a, 0xa0, 0x06, 0xb1, 0x02, 0x20,
	0xc7, 0x22, 0xa0, 0x04, 0x20, 0x86, 0x49, 0x20, 0xa9, 0x48, 0x20, 0xcc,
	0x4a, 0xa0, 0x04, 0xb1, 0x02, 0x20, 0xb6, 0x4a, 0xa0, 0x04, 0xb1, 0x02,
	0x20, 0x23, 0x23, 0xa0, 0x04, 0x20, 0x86, 0x49, 0xa0, 0x90, 0x20, 0xc1,
	0x48, 0x20, 0x0d, 0x48, 0x20, 0xcc, 0x4a, 0xa0, 0x04, 0xb1, 0x02, 0x20,
	0xb6, 0x4a, 0xa0, 0x04, 0xb1, 0x02, 0x20, 0x23, 0x23, 0xa0, 0x06, 0x20,
	0xe4, 0x4a, 0xa0, 0x06, 0x20, 0x86, 0x49, 0x20, 0xa9, 0x48, 0x20, 0xcc,
	0x4a, 0xa0, 0x05, 0xb1, 0x02, 0x20, 0xc7, 0x22, 0xa0, 0x04, 0x20, 0x86,
	0x49, 0xa0, 0x90, 0x20, 0xc1, 0x48, 0x20, 0x0d, 0x48, 0x20, 0xcc, 0x4a,
	0xa0, 0x06, 0x20, 0x86, 0x49, 0xa0, 0x90, 0x20, 0xc1, 0x48, 0x20, 0x06,
	0x48, 0x20, 0xcc, 0x4a, 0xa0, 0x05, 0xb1, 0x02, 0x20, 0xc7, 0x22, 0xa0,
	0x06, 0x20, 0xe4, 0x4a, 0xa0, 0x03, 0xb1, 0x02, 0x20, 0xb6, 0x4a, 0xa0,
	0x03, 0xb1, 0x02, 0x20, 0x23, 0x23, 0xa0, 0x04, 0x20, 0x86, 0x49, 0xa0,
	0x90, 0x20, 0xc1, 0x48, 0x20, 0x06, 0x48, 0x20, 0xcc, 0x4a, 0xa0, 0x03,
	0xb1, 0x02, 0x20, 0xb6, 0x4a, 0xa0, 0x03, 0xb1, 0x02, 0x20, 0x23, 0x23,
	0xa0, 0x06, 0x20, 0xe4, 0x4a, 0xa0, 0x06, 0x20, 0x86, 0x49, 0xa0, 0x90,
	0x20, 0xc1, 0x48, 0x20, 0x06, 0x48, 0x20, 0xcc, 0x4a, 0xa0, 0x04, 0xb1,
	0x02, 0x20, 0xc7, 0x22, 0x4c, 0xf1, 0x48, 0xa9, 0x0d, 0x20, 0x82, 0x22,
	0xa9, 0x11, 0x20, 0xca, 0x4a, 0xa9, 0x2b, 0x20, 0xb6, 0x4a, 0xa9, 0x05,
	0x20, 0xca, 0x4a, 0x20, 0x0e, 0x24, 0xa9, 0x02, 0x20, 0x82, 0x22, 0xa9,
	0x21, 0x20, 0xca, 0x4a, 0xa9, 0x2b, 0x20, 0xb6, 0x4a, 0xa9, 0x06, 0x20,
	0xca, 0x4a, 0xa9, 0x05, 0x4c, 0x0e, 0x24, 0xa9, 0x08, 0x20, 0xca, 0x4a,
	0xa9, 0x2c, 0x20, 0xb6, 0x4a, 0xa9, 0x03, 0x20, 0x82, 0x22, 0x20, 0x47,
	0x08, 0xa0, 0x02, 0x20, 0x86, 0x49, 0xa0, 0x28, 0x20, 0xc1, 0x48, 0x20,
	0xcc, 0x4a, 0xa0, 0x04, 0x20, 0x86, 0x49, 0xa0, 0x42, 0x20, 0xc1, 0x48,
	0x20, 0xcc, 0x4a, 0xa0, 0x04, 0xb1, 0x02, 0x38, 0xe9, 0x06, 0x20, 0xc7,
	0x22, 0xa0, 0x02, 0x20, 0x86, 0x49, 0xa0, 0x56, 0x20, 0xc1, 0x48, 0x20,
	0xcc, 0x4a, 0xa0, 0x04, 0x20, 0x86, 0x49, 0xa0, 0x7e, 0x20, 0xc1, 0x48,
	0x20, 0xcc, 0x4a, 0xa0, 0x04, 0xb1, 0x02, 0x38, 0xe9, 0x06, 0x20, 0xc7,
	0x22, 0xa0, 0x02, 0x20, 0x86, 0x49, 0xa0, 0x28, 0x20, 0xc1, 0x48, 0x20,
	0xcc, 0x4a, 0xa0, 0x04, 0x20, 0x86, 0x49, 0xa0, 0x42, 0x20, 0xc1, 0x48,
	0x20, 0xcc, 0x4a, 0xa0, 0x04, 0xb1, 0x02, 0x18, 0x69, 0x06, 0x20, 0xc7,
	0x22, 0xa0, 0x02, 0x20, 0x86, 0x49, 0xa0, 0x56, 0x20, 0xc1, 0x48, 0x20,
	0xcc, 0x4a, 0xa0, 0x04, 0x20, 0x86, 0x49, 0xa0, 0x7e, 0x20, 0xc1, 0x48,
	0x20, 0xcc, 0x4a, 0xa0, 0x04, 0xb1, 0x02, 0x18, 0x69, 0x06, 0x20, 0xc7,
	0x22, 0xa0, 0x02, 0x20, 0x86, 0x49, 0xa0, 0x28, 0x20, 0xc1, 0x48, 0x20,
	0xcc, 0x4a, 0xa0, 0x02, 0xb1, 0x02, 0x38, 0xe9, 0x06, 0x20, 0xb6, 0x4a,
	0xa0, 0x03, 0xb1, 0x02, 0x18, 0x69, 0x06, 0x20, 0x23, 0x23, 0xa0, 0x02,
	0x20, 0x86, 0x49, 0xa0, 0x7e, 0x20, 0xc1, 0x48, 0x20, 0xcc, 0x4a, 0xa0,
	0x02, 0xb1, 0x02, 0x38, 0xe9, 0x06, 0x20, 0xb6, 0x4a, 0xa0, 0x03, 0xb1,
	0x02, 0x18, 0x69, 0x06, 0x20, 0x23, 0x23, 0xa0, 0x02, 0x20, 0x86, 0x49,
	0xa0, 0x43, 0x20, 0xc1, 0x48, 0x20, 0xcc, 0x4a, 0xa0, 0x02, 0xa2, 0x00,
	0xb1, 0x02, 0xa0, 0x0a, 0x20, 0x14, 0x48, 0x20, 0xb6, 0x4a, 0xa9, 0x12,
	0x20, 0xca, 0x4a, 0xa9, 0x15, 0x20, 0x72, 0x23, 0xa0, 0x02, 0x20, 0x86,
	0x49, 0xa0, 0x47, 0x20, 0xc1, 0x48, 0x20, 0xcc, 0x4a, 0xa0, 0x02, 0xb1,
	0x02, 0x38, 0xe9, 0x06, 0x20, 0xb6, 0x4a, 0xa9, 0x0a, 0x20, 0xca, 0x4a,
	0xa9, 0x0d, 0x20, 0x72, 0x23, 0x20, 0x56, 0x09, 0x4c, 0xe7, 0x48, 0xa9,
	0x08, 0x20, 0xca, 0x4a, 0xa9, 0x2c, 0x20, 0xb6, 0x4a, 0xa9, 0x03, 0x20,
	0x82, 0x22, 0x20, 0x47, 0x08, 0xa0, 0x02, 0x20, 0x86, 0x49, 0xa0, 0x26,
	0x20, 0xc1, 0x48, 0x20, 0xcc, 0x4a, 0xa0, 0x02, 0xa2, 0x00, 0xb1, 0x02,
	0xa0, 0x09, 0x20, 0x14, 0x48, 0x20, 0xb6, 0x4a, 0xa9, 0x5e, 0x20, 0xca,
	0x4a, 0xa9, 0x13, 0x20, 0x72, 0x23, 0xa0, 0x02, 0x20, 0x86, 0x49, 0xa0,
	0x2e, 0x20, 0xc1, 0x48, 0x20, 0xcc, 0x4a, 0xa0, 0x02, 0xb1, 0x02, 0x38,
	0xe9, 0x04, 0x20, 0xb6, 0x4a, 0xa9, 0x36, 0x20, 0xca, 0x4a, 0xa9, 0x08,
	0x20, 0x72, 0x23, 0xa0, 0x02, 0x20, 0x86, 0x49, 0xa0, 0x31, 0x20, 0xc1,
	0x48, 0x20, 0xcc, 0x4a, 0xa0, 0x04, 0x20, 0x86, 0x49, 0xa0, 0x61, 0x20,
	0xc1, 0x48, 0x20, 0xcc, 0x4a, 0xa0, 0x04, 0xb1, 0x02, 0x20, 0xc7, 0x22,
	0xa0, 0x02, 0x20, 0x86, 0x49, 0xa0, 0x6c, 0x20, 0xc1, 0x48, 0x20, 0xcc,
	0x4a, 0xa0, 0x02, 0xb1, 0x02, 0x38, 0xe9, 0x03, 0x20, 0xb6, 0x4a, 0xa9,
	0x0b, 0x20, 0xca, 0x4a, 0xa9, 0x06, 0x20, 0x72, 0x23, 0x20, 0x56, 0x09,
	0x4c, 0xe7, 0x48, 0xa9, 0x08, 0x20, 0xca, 0x4a, 0xa9, 0x20, 0x20, 0xb6,
	0x4a, 0x20, 0x4d, 0x48, 0xa9, 0x0b, 0x20, 0x82, 0x22, 0xa0, 0x09, 0x20,
	0xe4, 0x4a, 0xa0, 0x07, 0xb1, 0x02, 0x20, 0xb6, 0x4a, 0xa9, 0x90, 0x20,
	0xca, 0x4a, 0xa9, 0x1c, 0x20, 0x72, 0x23, 0xa2, 0x00, 0xa9, 0x08, 0xa0,
	0x03, 0x20, 0x7d, 0x4b, 0xa0, 0x04, 0xb1, 0x02, 0xc9, 0x00, 0xd0, 0x05,
	0x88, 0xb1, 0x02, 0xc9, 0xac, 0xb0, 0x73, 0xa9, 0x01, 0xa0, 0x02, 0x91,
	0x02, 0xc9, 0x1b, 0xb0, 0x5e, 0xa0, 0x04, 0x20, 0x86, 0x49, 0x18, 0xa0,
	0x06, 0x71, 0x02, 0x48, 0x8a, 0xc8, 0x71, 0x02, 0xaa, 0x68, 0x38, 0xa0,
	0x02, 0xf1, 0x02, 0x48, 0x8a, 0xe9, 0x00, 0xaa, 0x68, 0x20, 0x7b, 0x4b,
	0x38, 0xa0, 0x06, 0xf1, 0x02, 0x85, 0x12, 0x8a, 0xc8, 0xf1, 0x02, 0x05,
	0x12, 0x90, 0x26, 0xf0, 0x24, 0x20, 0xe2, 0x4a, 0xa0, 0x09, 0x20, 0x86,
	0x49, 0xa0, 0x90, 0x20, 0xc1, 0x48, 0x20, 0x06, 0x48, 0x20, 0x76, 0x48,
	0xb0, 0x0f, 0x20, 0xe2, 0x4a, 0xa0, 0x04, 0xb1, 0x02, 0x18, 0xa0, 0x07,
	0x71, 0x02, 0x20, 0x98, 0x22, 0xa0, 0x02, 0x18, 0xa9, 0x01, 0x71, 0x02,
	0x4c, 0x9a, 0x0b, 0xc8, 0xa2, 0x00, 0xa9, 0x0a, 0x20, 0x40, 0x47, 0x4c,
	0x87, 0x0b, 0xa9, 0x04, 0x20, 0xb6, 0x4a, 0xa9, 0x05, 0x20, 0xb6, 0x4a,
	0xa9, 0x0c, 0x20, 0xb6, 0x4a, 0xa9, 0x02, 0x20, 0x98, 0x27, 0xa9, 0x0a,
	0x20, 0x82, 0x22, 0xa9, 0x28, 0x20, 0xca, 0x4a, 0x20, 0xb6, 0x4a, 0xa9,
	0xf5, 0xa2, 0x50, 0x20, 0xe1, 0x29, 0xa9, 0x28, 0x20, 0xca, 0x4a, 0xa9,
	0x30, 0x20, 0xb6, 0x4a, 0xa9, 0xff, 0xa2, 0x50, 0x20, 0xe1, 0x29, 0x4c,
	0x00, 0x49, 0xa9, 0x01, 0x20, 0xb6, 0x4a, 0xa9, 0x04, 0x20, 0xb6, 0x4a,
	0xa9, 0x12, 0x20, 0xb6, 0x4a, 0xa9, 0x04, 0x20, 0x98, 0x27, 0xad, 0x96,
	0x55, 0xc9, 0x03, 0xd0, 0x03, 0x4c, 0xb6, 0x0a, 0xad, 0x96, 0x55, 0xd0,
	0x03, 0x4c, 0x56, 0x0b, 0x4c, 0x86, 0x09, 0x20, 0xb6, 0x4a, 0xa2, 0x00,
	0xa1, 0x02, 0x20, 0xca, 0x4a, 0xa9, 0x0a, 0x20, 0x22, 0x4c, 0x85, 0x0a,
	0x8a, 0x18, 0x69, 0x4c, 0x85, 0x0b, 0xa0, 0x56, 0xb1, 0x0a, 0x20, 0xb6,
	0x4a, 0x20, 0x1d, 0x48, 0xa9, 0x00, 0xa8, 0x91, 0x02, 0xb1, 0x02, 0xf0,
	0x03, 0x4c, 0xf6, 0x48, 0xc8, 0xb1, 0x02, 0x29, 0x01, 0xf0, 0x29, 0xa0,
	0x05, 0x20, 0x86, 0x49, 0x20, 0xb0, 0x48, 0x20, 0xcc, 0x4a, 0xa0, 0x07,
	0x20, 0x86, 0x49, 0xa0, 0x0a, 0x20, 0xc1, 0x48, 0x20, 0x0d, 0x48, 0x20,
	0xcc, 0x4a, 0xa0, 0x04, 0xb1, 0x02, 0x18, 0xa0, 0x07, 0x71, 0x02, 0x20,
	0xc7, 0x22, 0xa0, 0x01, 0xb1, 0x02, 0x29, 0x08, 0xf0, 0x38, 0xa0, 0x05,
	0x20, 0x86, 0x49, 0x20, 0xb0, 0x48, 0x20, 0xcc, 0x4a, 0xa0, 0x07, 0x20,
	0x86, 0x49, 0xa0, 0x0a, 0x20, 0xc1, 0x48, 0x20, 0x0d, 0x48, 0x20, 0xcc,
	0x4a, 0xa0, 0x07, 0xa2, 0x00, 0xb1, 0x02, 0xa0, 0x10, 0x20, 0xc1, 0x48,
	0x20, 0x06, 0x48, 0x38, 0xa0, 0x04, 0xf1, 0x02, 0x48, 0x8a, 0xe9, 0x00,
	0x68, 0x20, 0xc7, 0x22, 0xa0, 0x01, 0xb1, 0x02, 0x29, 0x40, 0xf0, 0x33,
	0xa0, 0x05, 0x20, 0x86, 0x49, 0x20, 0xb0, 0x48, 0x20, 0xcc, 0x4a, 0xa0,
	0x07, 0x20, 0x86, 0x49, 0xa0, 0x0a, 0x20, 0xc1, 0x48, 0x20, 0x0d, 0x48,
	0x20, 0xcc, 0x4a, 0xa0, 0x07, 0xb1, 0x02, 0x18, 0x69, 0x08, 0x38, 0xe9,
	0x01, 0x85, 0x0a, 0xa0, 0x04, 0xb1, 0x02, 0x18, 0x65, 0x0a, 0x20, 0xc7,
	0x22, 0xa0, 0x01, 0xb1, 0x02, 0x29, 0x02, 0xf0, 0x34, 0xa0, 0x05, 0x20,
	0x86, 0x49, 0xa0, 0x0a, 0x20, 0xc1, 0x48, 0x20, 0x06, 0x48, 0x38, 0xa0,
	0x00, 0xf1, 0x02, 0x48, 0x8a, 0xe9, 0x00, 0xaa, 0x68, 0x20, 0xcc, 0x4a,
	0xa0, 0x05, 0xb1, 0x02, 0x18, 0x69, 0x02, 0x20, 0xb6, 0x4a, 0xa0, 0x06,
	0xb1, 0x02, 0x18, 0x69, 0x08, 0x38, 0xe9, 0x02, 0x20, 0x23, 0x23, 0xa0,
	0x01, 0xb1, 0x02, 0x29, 0x04, 0xf0, 0x3b, 0xa0, 0x05, 0x20, 0x86, 0x49,
	0xa0, 0x0a, 0x20, 0xc1, 0x48, 0x20, 0x06, 0x48, 0x38, 0xa0, 0x00, 0xf1,
	0x02, 0x48, 0x8a, 0xe9, 0x00, 0xaa, 0x68, 0x20, 0xcc, 0x4a, 0xa0, 0x05,
	0xb1, 0x02, 0x18, 0x69, 0x08, 0x18, 0x69, 0x01, 0x20, 0xb6, 0x4a, 0xa0,
	0x06, 0xa2, 0x00, 0xb1, 0x02, 0xa0, 0x10, 0x20, 0xc1, 0x48, 0x38, 0xe9,
	0x03, 0x20, 0x23, 0x23, 0xa0, 0x01, 0xb1, 0x02, 0x29, 0x20, 0xf0, 0x2c,
	0xa2, 0x00, 0xa1, 0x02, 0x18, 0xa0, 0x04, 0x71, 0x02, 0x48, 0x8a, 0xc8,
	0x71, 0x02, 0xaa, 0x68, 0x20, 0xcc, 0x4a, 0xa0, 0x05, 0xb1, 0x02, 0x18,
	0x69, 0x02, 0x20, 0xb6, 0x4a, 0xa0, 0x06, 0xb1, 0x02, 0x18, 0x69, 0x08,
	0x38, 0xe9, 0x02, 0x20, 0x23, 0x23, 0xa0, 0x01, 0xb1, 0x02, 0x29, 0x10,
	0xf0, 0x31, 0xa2, 0x00, 0xa1, 0x02, 0x18, 0xa0, 0x04, 0x71, 0x02, 0x48,
	0x8a, 0xc8, 0x71, 0x02, 0xaa, 0x68, 0x20, 0xcc, 0x4a, 0xa0, 0x05, 0xb1,
	0x02, 0x18, 0x69, 0x08, 0x18, 0x69, 0x01, 0x20, 0xb6, 0x4a, 0xa0, 0x06,
	0xa2, 0x00, 0xb1, 0x02, 0xa0, 0x10, 0x20, 0xc1, 0x48, 0x38, 0xe9, 0x03,
	0x20, 0x23, 0x23, 0xa0, 0x00, 0x18, 0xa9, 0x01, 0x71, 0x02, 0x4c, 0x92,
	0x0c, 0xa9, 0x13, 0x20, 0xb6, 0x4a, 0xa9, 0x04, 0x20, 0xb6, 0x4a, 0x20,
	0xb6, 0x4a, 0xa9, 0x03, 0x20, 0x98, 0x27, 0xa9, 0x0a, 0x20, 0x82, 0x22,
	0xa9, 0x9c, 0x20, 0xca, 0x4a, 0xa9, 0x20, 0x20, 0xb6, 0x4a, 0xad, 0x77,
	0x55, 0x20, 0xca, 0x4a, 0xa9, 0x0a, 0x20, 0xd3, 0x4b, 0x20, 0x6e, 0x0c,
	0xa9, 0xa9, 0x20, 0xca, 0x4a, 0xa9, 0x20, 0x20, 0xb6, 0x4a, 0xad, 0x77,
	0x55, 0x20, 0xca, 0x4a, 0xa9, 0x0a, 0x20, 0x22, 0x4c, 0x4c, 0x6e, 0x0c,
	0x20, 0xb6, 0x4a, 0xad, 0x96, 0x55, 0xf0, 0x22, 0xa9, 0x04, 0x20, 0xb6,
	0x4a, 0xa9, 0x05, 0x20, 0xb6, 0x4a, 0xa9, 0x01, 0x20, 0xb6, 0x4a, 0x20,
	0xb6, 0x4a, 0xa0, 0x04, 0xb1, 0x02, 0xf0, 0x05, 0xa9, 0x0a, 0x4c, 0x9e,
	0x0e, 0xa9, 0x0b, 0x20, 0x00, 0x27, 0x4c, 0xca, 0x48, 0x20, 0xb6, 0x4a,
	0xa0, 0x00, 0xb1, 0x02, 0x20, 0x77, 0x0e, 0x4c, 0xca, 0x48, 0xa9, 0x03,
	0x20, 0x82, 0x22, 0xa9, 0xf8, 0x20, 0xca, 0x4a, 0xa9, 0x5e, 0x20, 0xb6,
	0x4a, 0xa9, 0x73, 0x20, 0x23, 0x23, 0xa2, 0x01, 0xa9, 0x06, 0x20, 0xcc,
	0x4a, 0xa9, 0x5e, 0x20, 0xb6, 0x4a, 0xa9, 0x73, 0x20, 0x23, 0x23, 0xa9,
	0xfb, 0x20, 0xca, 0x4a, 0xa2, 0x01, 0xa9, 0x03, 0x20, 0xcc, 0x4a, 0xa9,
	0x5b, 0x20, 0xc7, 0x22, 0xa9, 0xfb, 0x20, 0xca, 0x4a, 0xa2, 0x01, 0xa9,
	0x03, 0x20, 0xcc, 0x4a, 0xa9, 0x76, 0x20, 0xc7, 0x22, 0xa9, 0xf9, 0x20,
	0xca, 0x4a, 0xa9, 0x5d, 0x20, 0x98, 0x22, 0xa9, 0xfa, 0x20, 0xca, 0x4a,
	0xa9, 0x5c, 0x20, 0x98, 0x22, 0xa2, 0x01, 0xa9, 0x05, 0x20, 0xcc, 0x4a,
	0xa9, 0x5d, 0x20, 0x98, 0x22, 0xa2, 0x01, 0xa9, 0x04, 0x20, 0xcc, 0x4a,
	0xa9, 0x5c, 0x20, 0x98, 0x22, 0xa9, 0xf9, 0x20, 0xca, 0x4a, 0xa9, 0x74,
	0x20, 0x98, 0x22, 0xa9, 0xfa, 0x20, 0xca, 0x4a, 0xa9, 0x75, 0x20, 0x98,
	0x22, 0xa2, 0x01, 0xa9, 0x05, 0x20, 0xcc, 0x4a, 0xa9, 0x74, 0x20, 0x98,
	0x22, 0xa2, 0x01, 0xa9, 0x04, 0x20, 0xcc, 0x4a, 0xa9, 0x75, 0x4c, 0x98,
	0x22, 0xa9, 0x03, 0x20, 0x82, 0x22, 0xa9, 0xfe, 0x20, 0xca, 0x4a, 0xa9,
	0x4c, 0x20, 0xb6, 0x4a, 0xa9, 0x31, 0x20, 0x53, 0x24, 0xa9, 0xfe, 0x20,
	0xca, 0x4a, 0xa9, 0x4c, 0x20, 0xb6, 0x4a, 0xa9, 0x0b, 0x20, 0x53, 0x24,
	0xa9, 0xfe, 0x20, 0xca, 0x4a, 0xa9, 0x4c, 0x20, 0xb6, 0x4a, 0xa9, 0x06,
	0x20, 0x53, 0x24, 0x20, 0xb1, 0x0e, 0xa9, 0x01, 0x20, 0xb6, 0x4a, 0xa9,
	0xf3, 0x20, 0xca, 0x4a, 0xa9, 0x5b, 0x20, 0xd3, 0x28, 0xa9, 0x02, 0x20,
	0xb6, 0x4a, 0xa9, 0xf3, 0x20, 0xca, 0x4a, 0xa9, 0x70, 0x4c, 0xd3, 0x28,
	0x20, 0xb6, 0x4a, 0xa0, 0x00, 0xb1, 0x02, 0x20, 0x82, 0x22, 0xa9, 0x01,
	0x20, 0xb4, 0x29, 0xa0, 0x07, 0x20, 0xe4, 0x4a, 0xa0, 0x05, 0xb1, 0x02,
	0x20, 0xb6, 0x4a, 0xa0, 0x05, 0x20, 0x86, 0x49, 0x20, 0xe1, 0x29, 0xa9,
	0x00, 0x20, 0xb4, 0x29, 0x4c, 0xf6, 0x48, 0xa9, 0x08, 0x20, 0xca, 0x4a,
	0xa9, 0xb8, 0x20, 0xb6, 0x4a, 0xa9, 0x49, 0xa2, 0x51, 0x20, 0xcc, 0x4a,
	0xa9, 0x03, 0x20, 0xa3, 0x0f, 0xa9, 0x58, 0x20, 0xca, 0x4a, 0xa9, 0xb8,
	0x20, 0xb6, 0x4a, 0xad, 0x8b, 0x55, 0xd0, 0x07, 0xa9, 0x40, 0xa2, 0x51,
	0x4c, 0xfe, 0x0f, 0xa9, 0x37, 0xa2, 0x51, 0x20, 0xcc, 0x4a, 0xad, 0x8b,
	0x55, 0xd0, 0x05, 0xa9, 0x0d, 0x4c, 0x0d, 0x10, 0xa9, 0x07, 0x20, 0xa3,
	0x0f, 0xad, 0x96, 0x55, 0xc9, 0x01, 0xd0, 0x5c, 0xad, 0x8b, 0x55, 0xc9,
	0x01, 0xd0, 0x55, 0xad, 0x9c, 0x55, 0xae, 0x9d, 0x55, 0x20, 0xcc, 0x4a,
	0xa9, 0x06, 0x20, 0xd3, 0x4b, 0x20, 0xcc, 0x4a, 0x20, 0xe2, 0x4a, 0xa9,
	0x0a, 0x20, 0xd3, 0x4b, 0x20, 0xcc, 0x4a, 0xa9, 0x0a, 0x20, 0x22, 0x4c,
	0xa0, 0x30, 0x20, 0xc1, 0x48, 0x8d, 0x8f, 0x55, 0x20, 0xe2, 0x4a, 0xa9,
	0x0a, 0x20, 0x22, 0x4c, 0xa0, 0x30, 0x20, 0xc1, 0x48, 0x8d, 0x91, 0x55,
	0xa9, 0xa8, 0x20, 0xca, 0x4a, 0xa9, 0xb8, 0x20, 0xb6, 0x4a, 0xa9, 0x8c,
	0xa2, 0x55, 0x20, 0xcc, 0x4a, 0xa9, 0x07, 0x20, 0xa3, 0x0f, 0x20, 0xd9,
	0x48, 0x4c, 0x89, 0x10, 0xa9, 0xa8, 0x20, 0xca, 0x4a, 0xa9, 0xb8, 0x20,
	0xb6, 0x4a, 0xa9, 0x2e, 0xa2, 0x51, 0x20, 0xcc, 0x4a, 0xa9, 0x0c, 0x20,
	0xa3, 0x0f, 0xa9, 0xf8, 0x20, 0xca, 0x4a, 0xa9, 0xb8, 0x20, 0xb6, 0x4a,
	0x20, 0x73, 0x42, 0x86, 0x12, 0x05, 0x12, 0xf0, 0x07, 0xa9, 0x25, 0xa2,
	0x51, 0x4c, 0xa7, 0x10, 0xa9, 0x1c, 0xa2, 0x51, 0x20, 0xcc, 0x4a, 0x20,
	0x73, 0x42, 0x86, 0x12, 0x05, 0x12, 0xf0, 0x05, 0xa9, 0x0e, 0x4c, 0xba,
	0x10, 0xa9, 0x0b, 0x20, 0xa3, 0x0f, 0xa9, 0x08, 0x20, 0xca, 0x4a, 0xa9,
	0xc0, 0x20, 0xb6, 0x4a, 0xa9, 0x13, 0xa2, 0x51, 0x20, 0xcc, 0x4a, 0xa9,
	0x01, 0x20, 0xa3, 0x0f, 0xa9, 0x58, 0x20, 0xca, 0x4a, 0xa9, 0xc0, 0x20,
	0xb6, 0x4a, 0xa9, 0x6d, 0xa2, 0x51, 0x20, 0xcc, 0x4a, 0xa9, 0x0a, 0x20,
	0xa3, 0x0f, 0xa9, 0xa8, 0x20, 0xca, 0x4a, 0xa9, 0xc0, 0x20, 0xb6, 0x4a,
	0xa9, 0x52, 0xa2, 0x51, 0x20, 0xcc, 0x4a, 0xa9, 0x0d, 0x20, 0xa3, 0x0f,
	0xa9, 0xf8, 0x20, 0xca, 0x4a, 0xa9, 0xc0, 0x20, 0xb6, 0x4a, 0xa9, 0x5b,
	0xa2, 0x51, 0x20, 0xcc, 0x4a, 0xa9, 0x0b, 0x4c, 0xa3, 0x0f, 0x20, 0x1d,
	0x48, 0xee, 0x1e, 0x56, 0xad, 0x1e, 0x56, 0xc9, 0x04, 0x90, 0x4f, 0xa9,
	0x00, 0x8d, 0x1e, 0x56, 0xee, 0x1d, 0x56, 0xa8, 0x91, 0x02, 0xc9, 0x09,
	0xb0, 0x40, 0xa2, 0x00, 0xb1, 0x02, 0xa0, 0x2a, 0x20, 0xc1, 0x48, 0x85,
	0x0a, 0x86, 0x0b, 0xa9, 0x00, 0x18, 0x65, 0x0a, 0x85, 0x04, 0xa9, 0x5c,
	0x65, 0x0b, 0x85, 0x05, 0xa0, 0x00, 0xb1, 0x02, 0x18, 0x6d, 0x1d, 0x56,
	0x29, 0x07, 0x85, 0x0a, 0x98, 0x18, 0x69, 0x4c, 0x85, 0x0b, 0xa0, 0x60,
	0xb1, 0x0a, 0x0a, 0x0a, 0x0a, 0x0a, 0xa0, 0x00, 0x91, 0x04, 0x18, 0xa9,
	0x01, 0x71, 0x02, 0x4c, 0x2b, 0x11, 0x4c, 0xca, 0x48, 0x20, 0x3e, 0x43,
	0x20, 0x15, 0x11, 0xa2, 0x00, 0x8a, 0x60, 0xad, 0x1f, 0x56, 0xf0, 0x08,
	0x20, 0x28, 0x49, 0xa9, 0x00, 0x8d, 0x1f, 0x56, 0x4c, 0x44, 0x44, 0xad,
	0x1f, 0x56, 0xd0, 0x19, 0xa9, 0x74, 0xa2, 0x11, 0x20, 0xcc, 0x4a, 0xa2,
	0xc9, 0xa9, 0x00, 0x20, 0xcc, 0x4a, 0xaa, 0xa9, 0x80, 0x20, 0x05, 0x49,
	0xa9, 0x01, 0x8d, 0x1f, 0x56, 0x60, 0xa9, 0x03, 0x20, 0x82, 0x22, 0x20,
	0x75, 0x22, 0xa9, 0x0e, 0x20, 0x82, 0x22, 0xa9, 0x04, 0x20, 0xca, 0x4a,
	0xa2, 0x01, 0xa9, 0x3b, 0x20, 0xcc, 0x4a, 0xa9, 0x02, 0x20, 0xc7, 0x22,
	0xa9, 0x04, 0x20, 0xca, 0x4a, 0xa2, 0x01, 0xa9, 0x3b, 0x20, 0xcc, 0x4a,
	0xa9, 0x13, 0x20, 0xc7, 0x22, 0xa9, 0x04, 0x20, 0xca, 0x4a, 0xa9, 0x02,
	0x20, 0xb6, 0x4a, 0xa9, 0x13, 0x20, 0x23, 0x23, 0xa2, 0x01, 0xa9, 0x3b,
	0x20, 0xcc, 0x4a, 0xa9, 0x02, 0x20, 0xb6, 0x4a, 0xa9, 0x13, 0x20, 0x23,
	0x23, 0xa9, 0x10, 0x20, 0xca, 0x4a, 0xa9, 0x08, 0x20, 0xb6, 0x4a, 0xa9,
	0x09, 0xa2, 0x51, 0x20, 0xe1, 0x29, 0xa9, 0x03, 0x20, 0x82, 0x22, 0xa9,
	0x68, 0x20, 0xca, 0x4a, 0xa9, 0x08, 0x20, 0xb6, 0x4a, 0xa9, 0xd3, 0xa2,
	0x50, 0x20, 0xe1, 0x29, 0xa9, 0x0b, 0x20, 0x82, 0x22, 0xa2, 0x01, 0xa9,
	0x18, 0x20, 0xcc, 0x4a, 0xa9, 0x08, 0x20, 0xb6, 0x4a, 0xa9, 0x82, 0xa2,
	0x51, 0x20, 0xe1, 0x29, 0x20, 0x45, 0x0c, 0xa9, 0x0c, 0x20, 0x82, 0x22,
	0xa9, 0x08, 0x20, 0xca, 0x4a, 0xa9, 0x70, 0x20, 0xb6, 0x4a, 0xa9, 0x87,
	0xa2, 0x51, 0x20, 0xe1, 0x29, 0xa9, 0x08, 0x20, 0xca, 0x4a, 0xa9, 0x80,
	0x20, 0xb6, 0x4a, 0xa9, 0xd3, 0xa2, 0x4f, 0x20, 0xe1, 0x29, 0x20, 0x50,
	0x0f, 0xa9, 0x03, 0x20, 0x82, 0x22, 0xa9, 0x08, 0x20, 0xca, 0x4a, 0xa9,
	0x96, 0x20, 0xb6, 0x4a, 0xa2, 0x01, 0xa9, 0x30, 0x20, 0xcc, 0x4a, 0xa9,
	0x0c, 0x20, 0x72, 0x23, 0xa9, 0x0c, 0x20, 0x82, 0x22, 0x20, 0xce, 0x0f,
	0xa9, 0x0b, 0x4c, 0x82, 0x22, 0x4c, 0xce, 0x0f, 0x20, 0x30, 0x0e, 0xa9,
	0x00, 0x4c, 0x77, 0x0e, 0xad, 0x96, 0x55, 0xd0, 0x05, 0xa9, 0x0a, 0x4c,
	0xa7, 0x12, 0xa9, 0x0f, 0x20, 0x82, 0x22, 0xa9, 0x08, 0x20, 0xca, 0x4a,
	0xa9, 0x40, 0x20, 0xb6, 0x4a, 0x20, 0x93, 0x37, 0x20, 0xcc, 0x4a, 0xa9,
	0x12, 0x4c, 0x33, 0x2a, 0xa9, 0x01, 0x20, 0x82, 0x22, 0xa9, 0x48, 0x20,
	0xca, 0x4a, 0xa9, 0x70, 0x20, 0xb6, 0x4a, 0xa9, 0x78, 0xa2, 0x55, 0x20,
	0xcc, 0x4a, 0xa9, 0x10, 0x20, 0x33, 0x2a, 0x20, 0x33, 0x48, 0xad, 0x89,
	0x55, 0xa0, 0x00, 0x91, 0x02, 0xad, 0x8a, 0x55, 0xc8, 0x91, 0x02, 0xa9,
	0x00, 0xc8, 0x91, 0x02, 0xa9, 0x48, 0x20, 0xca, 0x4a, 0xa9, 0x80, 0x20,
	0xb6, 0x4a, 0xa9, 0x03, 0x20, 0x8d, 0x49, 0x20, 0xe1, 0x29, 0x4c, 0xe7,
	0x48, 0xa5, 0xa2, 0x20, 0xb6, 0x4a, 0x20, 0xc8, 0x4a, 0xa0, 0x02, 0xb1,
	0x02, 0xc5, 0xa2, 0xd0, 0x12, 0xa2, 0x00, 0xa9, 0x01, 0x20, 0x3e, 0x47,
	0xe0, 0x4e, 0xd0, 0x02, 0xc9, 0x20, 0x90, 0xe9, 0x4c, 0xe7, 0x48, 0x4c,
	0xe7, 0x48, 0x20, 0xb6, 0x4a, 0x20, 0x1d, 0x48, 0xa9, 0x08, 0x20, 0xca,
	0x4a, 0xa0, 0x06, 0xb1, 0x02, 0x20, 0xb6, 0x4a, 0xa9, 0xc2, 0xa2, 0x4c,
	0x20, 0xcc, 0x4a, 0xa9, 0x26, 0x20, 0x33, 0x2a, 0xa9, 0x00, 0xa8, 0x91,
	0x02, 0xa2, 0x00, 0xb1, 0x02, 0xc8, 0xd1, 0x02, 0xb0, 0x3c, 0xa1, 0x02,
	0x20, 0x70, 0x47, 0x20, 0xba, 0x48, 0x20, 0xcc, 0x4a, 0xa0, 0x06, 0xb1,
	0x02, 0x20, 0xb6, 0x4a, 0xa0, 0x06, 0x20, 0x86, 0x49, 0x85, 0x0a, 0x86,
	0x0b, 0xa0, 0x03, 0xb1, 0x02, 0xa8, 0xb1, 0x0a, 0x20, 0xc5, 0x29, 0xce,
	0x46, 0x56, 0xd0, 0x08, 0xa9, 0x04, 0x8d, 0x46, 0x56, 0x20, 0x04, 0x13,
	0xa0, 0x00, 0x18, 0xa9, 0x01, 0x71, 0x02, 0x4c, 0x4a, 0x13, 0x4c, 0xf1,
	0x48, 0x20, 0xb6, 0x4a, 0xa9, 0x00, 0x20, 0xb6, 0x4a, 0x20, 0x26, 0x48,
	0x4c, 0xab, 0x13, 0xa0, 0x02, 0x18, 0xa9, 0x01, 0x71, 0x02, 0x91, 0x02,
	0xa0, 0x05, 0x20, 0x86, 0x49, 0x85, 0x0a, 0x86, 0x0b, 0xa0, 0x02, 0xb1,
	0x02, 0xa8, 0xb1, 0x0a, 0xd0, 0xe5, 0xa0, 0x03, 0xb1, 0x02, 0x20, 0x82,
	0x22, 0xa9, 0x04, 0x8d, 0x46, 0x56, 0xa0, 0x02, 0xb1, 0x02, 0xc9, 0x27,
	0xb0, 0x40, 0xa9, 0xa8, 0x20, 0xb6, 0x4a, 0xa0, 0x08, 0x20, 0xe4, 0x4a,
	0xa0, 0x05, 0xb1, 0x02, 0x20, 0x29, 0x13, 0xa9, 0x0b, 0x20, 0x82, 0x22,
	0xa9, 0x08, 0x20, 0xca, 0x4a, 0xa9, 0xb0, 0x20, 0xb6, 0x4a, 0xa9, 0xc2,
	0xa2, 0x4c, 0x20, 0xcc, 0x4a, 0xa9, 0x26, 0x20, 0x33, 0x2a, 0xa9, 0x98,
	0x20, 0xca, 0x4a, 0xa9, 0xb0, 0x20, 0xb6, 0x4a, 0xa9, 0x8b, 0xa2, 0x50,
	0x20, 0xe1, 0x29, 0x4c, 0xf6, 0x48, 0xa9, 0x26, 0x88, 0x91, 0x02, 0x88,
	0x91, 0x02, 0xb1, 0x02, 0xf0, 0x2b, 0xa0, 0x05, 0x20, 0x86, 0x49, 0x85,
	0x0a, 0x86, 0x0b, 0xa0, 0x00, 0xb1, 0x02, 0xa8, 0xb1, 0x0a, 0xc9, 0x20,
	0xd0, 0x0a, 0xa0, 0x00, 0xb1, 0x02, 0xc8, 0x91, 0x02, 0x4c, 0x45, 0x14,
	0xa0, 0x00, 0xb1, 0x02, 0x38, 0xe9, 0x01, 0x4c, 0x17, 0x14, 0xa9, 0x00,
	0x88, 0x91, 0x02, 0xc8, 0xd1, 0x02, 0xb0, 0x2d, 0xa9, 0x20, 0xa2, 0x56,
	0x88, 0x18, 0x71, 0x02, 0x90, 0x01, 0xe8, 0x20, 0xcc, 0x4a, 0xa0, 0x07,
	0x20, 0x86, 0x49, 0x85, 0x0a, 0x86, 0x0b, 0xa0, 0x02, 0xb1, 0x02, 0xa8,
	0xb1, 0x0a, 0xa0, 0x00, 0x20, 0x65, 0x4b, 0xa0, 0x00, 0x18, 0xa9, 0x01,
	0x71, 0x02, 0x4c, 0x48, 0x14, 0xa9, 0xa8, 0x20, 0xb6, 0x4a, 0xa9, 0x20,
	0xa2, 0x56, 0x20, 0xcc, 0x4a, 0xa0, 0x04, 0xb1, 0x02, 0x20, 0x29, 0x13,
	0x4c, 0x9a, 0x14, 0xa0, 0x01, 0x18, 0x98, 0x71, 0x02, 0x91, 0x02, 0xa0,
	0x05, 0x20, 0x86, 0x49, 0x85, 0x0a, 0x86, 0x0b, 0xa0, 0x01, 0xb1, 0x02,
	0xa8, 0xb1, 0x0a, 0xc9, 0x20, 0xf0, 0xe4, 0xa0, 0x02, 0xa2, 0x00, 0xb1,
	0x02, 0x38, 0x88, 0xf1, 0x02, 0xc8, 0x91, 0x02, 0xc9, 0x27, 0x90, 0x04,
	0xa9, 0x26, 0x91, 0x02, 0xa9, 0xb0, 0x20, 0xb6, 0x4a, 0xa0, 0x02, 0xb1,
	0x02, 0x18, 0xa0, 0x05, 0x71, 0x02, 0x48, 0x8a, 0xc8, 0x71, 0x02, 0xaa,
	0x68, 0x20, 0xcc, 0x4a, 0xa0, 0x05, 0xb1, 0x02, 0x20, 0x29, 0x13, 0x4c,
	0xf6, 0x48, 0x20, 0xb6, 0x4a, 0xa9, 0x17, 0x20, 0xb6, 0x4a, 0xa9, 0x03,
	0x20, 0xb6, 0x4a, 0xa9, 0x11, 0x20, 0xb6, 0x4a, 0xa9, 0x0d, 0x20, 0xb6,
	0x4a, 0xa0, 0x04, 0xb1, 0x02, 0x20, 0x00, 0x27, 0x4c, 0xca, 0x48, 0x20,
	0xb6, 0x4a, 0xa9, 0x02, 0x20, 0xb6, 0x4a, 0xa9, 0x13, 0x20, 0xb6, 0x4a,
	0xa9, 0x24, 0x20, 0xb6, 0x4a, 0xa9, 0x01, 0x20, 0x98, 0x27, 0xa9, 0x03,
	0x20, 0x82, 0x22, 0xa0, 0x00, 0xb1, 0x02, 0xa2, 0x00, 0x29, 0x1f, 0x20,
	0x70, 0x47, 0xa0, 0x10, 0x20, 0xc1, 0x48, 0x20, 0xcc, 0x4a, 0xa9, 0x98,
	0x20, 0xb6, 0x4a, 0xa2, 0x00, 0xa9, 0x20, 0x20, 0x41, 0x28, 0x4c, 0xca,
	0x48, 0x20, 0xb6, 0x4a, 0xa9, 0x0c, 0x20, 0x82, 0x22, 0xa9, 0x48, 0x20,
	0xca, 0x4a, 0xa9, 0x50, 0x20, 0xb6, 0x4a, 0xa9, 0x90, 0xa2, 0x51, 0x20,
	0xe1, 0x29, 0xa9, 0x01, 0x20, 0x82, 0x22, 0xa9, 0x60, 0x20, 0xca, 0x4a,
	0xa9, 0x50, 0x20, 0xb6, 0x4a, 0xa0, 0x03, 0xb1, 0x02, 0x20, 0xca, 0x4a,
	0xa9, 0x02, 0x20, 0xa4, 0x2a, 0xa9, 0x0b, 0x20, 0x82, 0x22, 0xa9, 0x48,
	0x20, 0xca, 0x4a, 0xa9, 0x58, 0x20, 0xb6, 0x4a, 0xad, 0x1b, 0x56, 0x20,
	0xca, 0x4a, 0xa9, 0x02, 0x20, 0xa4, 0x2a, 0xa9, 0x48, 0x20, 0xca, 0x4a,
	0xa9, 0x60, 0x20, 0xb6, 0x4a, 0x20, 0xc8, 0x4a, 0xa9, 0x01, 0x20, 0xa4,
	0x2a, 0x4c, 0xca, 0x48, 0xa9, 0x17, 0x20, 0xb6, 0x4a, 0xa9, 0x03, 0x20,
	0xb6, 0x4a, 0xa9, 0x11, 0x20, 0xb6, 0x4a, 0xa9, 0x0d, 0x20, 0x98, 0x27,
	0xa9, 0x03, 0x20, 0xe5, 0x14, 0x20, 0x50, 0x0f, 0xa9, 0x00, 0x8d, 0x1c,
	0x56, 0x60, 0x20, 0xb6, 0x4a, 0x20, 0x26, 0x48, 0xa0, 0x02, 0xb1, 0x02,
	0xf0, 0x31, 0xc8, 0xb1, 0x02, 0x20, 0xca, 0x4a, 0xa2, 0x01, 0xa9, 0x28,
	0x20, 0xc5, 0x49, 0x20, 0xcc, 0x4a, 0xa0, 0x04, 0xb1, 0x02, 0x20, 0xd3,
	0x4b, 0x20, 0x7b, 0x4b, 0xa9, 0x03, 0x20, 0x82, 0x22, 0xa9, 0x0c, 0x20,
	0xca, 0x4a, 0xa9, 0x98, 0x20, 0xb6, 0x4a, 0xa0, 0x04, 0x20, 0x86, 0x49,
	0x20, 0x41, 0x28, 0x4c, 0xec, 0x48, 0x20, 0xb6, 0x4a, 0xa9, 0x1f, 0x20,
	0xca, 0x4a, 0xa9, 0x2c, 0x20, 0xca, 0x4a, 0xa0, 0x05, 0x20, 0xe4, 0x4a,
	0xa0, 0x07, 0xa2, 0x00, 0xb1, 0x02, 0x20, 0x06, 0x48, 0x20, 0xc5, 0x49,
	0x20, 0xcc, 0x4a, 0xa0, 0x06, 0xb1, 0x02, 0x20, 0xd3, 0x4b, 0x20, 0x9e,
	0x4b, 0x20, 0xb6, 0x4a, 0xa0, 0x00, 0xb1, 0x02, 0x29, 0xfe, 0xa2, 0x00,
	0x4c, 0xf1, 0x48, 0x20, 0xb6, 0x4a, 0x20, 0x33, 0x48, 0xa0, 0x04, 0xb1,
	0x02, 0xd0, 0x03, 0x4c, 0xf6, 0x48, 0xc8, 0xb1, 0x02, 0x20, 0xb6, 0x4a,
	0xa0, 0x05, 0xb1, 0x02, 0x20, 0x09, 0x16, 0xa0, 0x02, 0x91, 0x02, 0xcd,
	0x1c, 0x56, 0xd0, 0x08, 0xc8, 0xb1, 0x02, 0xc9, 0x03, 0xf0, 0x6d, 0x88,
	0xb1, 0x02, 0x8d, 0x1c, 0x56, 0xb1, 0x02, 0xa2, 0x00, 0x20, 0x82, 0x4a,
	0x20, 0xcc, 0x4a, 0xa9, 0x05, 0x20, 0xd3, 0x4b, 0x20, 0x7b, 0x4b, 0xa0,
	0x03, 0xb1, 0x02, 0x20, 0x82, 0x22, 0xa9, 0xfe, 0x20, 0xca, 0x4a, 0xa9,
	0x4c, 0x20, 0xb6, 0x4a, 0xa0, 0x05, 0xb1, 0x02, 0x20, 0x53, 0x24, 0xa0,
	0x02, 0xa2, 0x00, 0xb1, 0x02, 0xa0, 0x4c, 0x20, 0xc1, 0x48, 0x20, 0xb6,
	0x4a, 0xa0, 0x00, 0xb1, 0x02, 0xc9, 0x77, 0x90, 0x05, 0xa9, 0x76, 0x4c,
	0xc1, 0x16, 0xb1, 0x02, 0xc9, 0x5b, 0xb0, 0x04, 0xa9, 0x5b, 0x91, 0x02,
	0x98, 0x20, 0xb6, 0x4a, 0xa9, 0xf8, 0x20, 0xca, 0x4a, 0xa0, 0x03, 0xb1,
	0x02, 0xa0, 0x0a, 0x20, 0x14, 0x48, 0x20, 0xd3, 0x28, 0x20, 0xca, 0x48,
	0x4c, 0xf6, 0x48, 0x20, 0xb6, 0x4a, 0xa9, 0x01, 0x20, 0x82, 0x22, 0xa9,
	0x48, 0x20, 0xca, 0x4a, 0xa9, 0x50, 0x20, 0xb6, 0x4a, 0xa0, 0x05, 0xb1,
	0x02, 0x20, 0xca, 0x4a, 0xa9, 0x02, 0x20, 0xa4, 0x2a, 0xa9, 0x60, 0x20,
	0xca, 0x4a, 0xa9, 0x50, 0x20, 0xb6, 0x4a, 0xa0, 0x04, 0xb1, 0x02, 0x20,
	0xca, 0x4a, 0xa9, 0x02, 0x20, 0xa4, 0x2a, 0xad, 0x1b, 0x56, 0xf0, 0x05,
	0xa9, 0x0a, 0x4c, 0x1e, 0x17, 0xa9, 0x0b, 0x20, 0x82, 0x22, 0xa9, 0x48,
	0x20, 0xca, 0x4a, 0xa9, 0x58, 0x20, 0xb6, 0x4a, 0xad, 0x1b, 0x56, 0x20,
	0xca, 0x4a, 0xa9, 0x02, 0x20, 0xa4, 0x2a, 0xa0, 0x00, 0xb1, 0x02, 0xf0,
	0x05, 0xa9, 0x0a, 0x4c, 0x43, 0x17, 0xa9, 0x0b, 0x20, 0x82, 0x22, 0xa9,
	0x48, 0x20, 0xca, 0x4a, 0xa9, 0x60, 0x20, 0xb6, 0x4a, 0xa0, 0x03, 0xb1,
	0x02, 0x20, 0xca, 0x4a, 0xa9, 0x01, 0x20, 0xa4, 0x2a, 0x4c, 0xe7, 0x48,
	0xa9, 0x0c, 0x20, 0x82, 0x22, 0xa9, 0x08, 0x20, 0xca, 0x4a, 0xa9, 0x50,
	0x20, 0xb6, 0x4a, 0xa9, 0x28, 0xa2, 0x4f, 0x20, 0xe1, 0x29, 0xa9, 0x58,
	0x20, 0xca, 0x4a, 0xa9, 0x50, 0x20, 0xb6, 0x4a, 0xa9, 0x93, 0xa2, 0x51,
	0x20, 0xe1, 0x29, 0xa9, 0x0b, 0x20, 0x82, 0x22, 0xa9, 0x08, 0x20, 0xca,
	0x4a, 0xa9, 0x58, 0x20, 0xb6, 0x4a, 0xa9, 0x8c, 0xa2, 0x51, 0x20, 0xe1,
	0x29, 0xa9, 0x08, 0x20, 0xca, 0x4a, 0xa9, 0x60, 0x20, 0xb6, 0x4a, 0xa9,
	0x7c, 0xa2, 0x51, 0x4c, 0xe1, 0x29, 0x20, 0x1d, 0x48, 0xad, 0x1f, 0x56,
	0x20, 0xb6, 0x4a, 0xa9, 0x5f, 0xa2, 0x50, 0x20, 0xcc, 0x4a, 0xa9, 0x0c,
	0x20, 0x94, 0x13, 0x20, 0x30, 0x0e, 0x20, 0x7e, 0x11, 0xa9, 0x00, 0xa0,
	0x01, 0x91, 0x02, 0xad, 0x77, 0x55, 0x20, 0x02, 0x2d, 0xaa, 0xd0, 0x0e,
	0x20, 0x7d, 0x2d, 0xa9, 0x00, 0x8d, 0x96, 0x55, 0x8d, 0x97, 0x55, 0x4c,
	0xff, 0x17, 0xad, 0x77, 0x55, 0x20, 0x36, 0x2d, 0xaa, 0xd0, 0x09, 0x8d,
	0x96, 0x55, 0x8d, 0x97, 0x55, 0x4c, 0xff, 0x17, 0xa9, 0x01, 0xa8, 0x91,
	0x02, 0x20, 0xfc, 0x36, 0xa0, 0x00, 0xb1, 0x02, 0xf0, 0x03, 0x20, 0x8e,
	0x11, 0xad, 0x96, 0x55, 0xc9, 0x03, 0x20, 0x99, 0x49, 0x20, 0xa4, 0x28,
	0x20, 0x45, 0x0c, 0x20, 0x93, 0x12, 0x20, 0x9b, 0x12, 0x20, 0xbf, 0x12,
	0x20, 0xce, 0x0f, 0x20, 0x90, 0x12, 0xad, 0x96, 0x55, 0xf0, 0x0c, 0xa9,
	0x76, 0xa2, 0x51, 0x20, 0xcc, 0x4a, 0xa9, 0x0d, 0x4c, 0x4c, 0x18, 0xa0,
	0x01, 0xb1, 0x02, 0xf0, 0x07, 0xa9, 0x07, 0xa2, 0x4e, 0x4c, 0x47, 0x18,
	0xa9, 0x18, 0xa2, 0x4d, 0x20, 0xcc, 0x4a, 0xa9, 0x0a, 0x20, 0x94, 0x13,
	0x4c, 0xd9, 0x48, 0xa9, 0x00, 0x20, 0xb6, 0x4a, 0x20, 0x1d, 0x48, 0xa9,
	0xb7, 0xa2, 0x4f, 0x20, 0xcc, 0x4a, 0xa9, 0x07, 0x20, 0x94, 0x13, 0x20,
	0xad, 0x47, 0xa0, 0x00, 0x91, 0x02, 0xb1, 0x02, 0xf0, 0xf5, 0xc9, 0x0d,
	0xf0, 0x69, 0xc9, 0x14, 0xd0, 0x0b, 0xc8, 0xb1, 0x02, 0xf0, 0x07, 0x38,
	0xe9, 0x01, 0x4c, 0xd6, 0x18, 0xc8, 0xb1, 0x02, 0xc9, 0x02, 0xb0, 0x4d,
	0x88, 0xb1, 0x02, 0xc9, 0x41, 0x90, 0x04, 0xc9, 0x5b, 0x90, 0x14, 0xb1,
	0x02, 0xc9, 0xc1, 0x90, 0x04, 0xc9, 0xdb, 0x90, 0x0a, 0xb1, 0x02, 0xc9,
	0x30, 0x90, 0x32, 0xc9, 0x3a, 0xb0, 0x2e, 0xb1, 0x02, 0xc9, 0xc1, 0x90,
	0x0d, 0xa2, 0x00, 0xb1, 0x02, 0xa0, 0x80, 0x20, 0x14, 0x48, 0xa0, 0x00,
	0x91, 0x02, 0xc8, 0xb1, 0x02, 0xd0, 0x09, 0x88, 0xb1, 0x02, 0x8d, 0x89,
	0x55, 0x4c, 0xd1, 0x18, 0x88, 0xb1, 0x02, 0x8d, 0x8a, 0x55, 0xc8, 0x18,
	0x98, 0x71, 0x02, 0x91, 0x02, 0x20, 0xbf, 0x12, 0x4c, 0x66, 0x18, 0x20,
	0xbf, 0x12, 0xa9, 0x76, 0xa2, 0x51, 0x20, 0xcc, 0x4a, 0xa9, 0x0d, 0x20,
	0x94, 0x13, 0x4c, 0xd9, 0x48, 0xa9, 0x78, 0xa2, 0x55, 0x20, 0x86, 0x4b,
	0x20, 0xb6, 0x4a, 0x20, 0x1d, 0x48, 0xa9, 0xd6, 0xa2, 0x4f, 0x20, 0xcc,
	0x4a, 0xa9, 0x07, 0x20, 0x94, 0x13, 0x20, 0xad, 0x47, 0xa0, 0x00, 0x91,
	0x02, 0xb1, 0x02, 0xf0, 0xf5, 0xc9, 0x0d, 0xd0, 0x03, 0x4c, 0xa4, 0x19,
	0xc9, 0x14, 0xd0, 0x1d, 0xc8, 0xb1, 0x02, 0xf0, 0x19, 0x38, 0xe9, 0x01,
	0x91, 0x02, 0x18, 0x69, 0x78, 0x85, 0x0a, 0xa9, 0x00, 0x69, 0x55, 0x85,
	0x0b, 0xa9, 0x00, 0x88, 0x91, 0x0a, 0x4c, 0x9e, 0x19, 0xc8, 0xb1, 0x02,
	0xc9, 0x10, 0xb0, 0x5b, 0x88, 0xb1, 0x02, 0xc9, 0x41, 0x90, 0x04, 0xc9,
	0x5b, 0x90, 0x1a, 0xb1, 0x02, 0xc9, 0xc1, 0x90, 0x04, 0xc9, 0xdb, 0x90,
	0x10, 0xb1, 0x02, 0xc9, 0x30, 0x90, 0x04, 0xc9, 0x3a, 0x90, 0x06, 0xb1,
	0x02, 0xc9, 0x20, 0xd0, 0x36, 0xb1, 0x02, 0xc9, 0xc1, 0x90, 0x0d, 0xa2,
	0x00, 0xb1, 0x02, 0xa0, 0x80, 0x20, 0x14, 0x48, 0xa0, 0x00, 0x91, 0x02,
	0xc8, 0xb1, 0x02, 0x48, 0x18, 0x69, 0x01, 0x91, 0x02, 0x68, 0x18, 0x69,
	0x78, 0x85, 0x0a, 0xa9, 0x00, 0x69, 0x55, 0x85, 0x0b, 0x88, 0xb1, 0x02,
	0x91, 0x0a, 0xc8, 0xb1, 0x02, 0xa8, 0xa9, 0x00, 0x99, 0x78, 0x55, 0x20,
	0xbf, 0x12, 0x4c, 0x09, 0x19, 0xc8, 0xb1, 0x02, 0xd0, 0x19, 0xa9, 0x44,
	0x8d, 0x78, 0x55, 0xa9, 0x49, 0x8d, 0x79, 0x55, 0xa9, 0x53, 0x8d, 0x7a,
	0x55, 0xa9, 0x4b, 0x8d, 0x7b, 0x55, 0xa9, 0x00, 0x8d, 0x7c, 0x55, 0x20,
	0xbf, 0x12, 0xa9, 0x76, 0xa2, 0x51, 0x20, 0xcc, 0x4a, 0xa9, 0x0d, 0x20,
	0x94, 0x13, 0x4c, 0xd9, 0x48, 0x20, 0x1d, 0x48, 0xa9, 0x55, 0xa2, 0x4f,
	0x20, 0xcc, 0x4a, 0xa9, 0x07, 0x20, 0x94, 0x13, 0x20, 0xad, 0x47, 0xa0,
	0x00, 0x91, 0x02, 0xc9, 0xd9, 0xf0, 0x06, 0xb1, 0x02, 0xc9, 0x59, 0xd0,
	0x07, 0xa2, 0x00, 0xa9, 0x01, 0x4c, 0xca, 0x48, 0xb1, 0x02, 0xf0, 0xe4,
	0xa2, 0x00, 0x8a, 0x4c, 0xca, 0x48, 0x20, 0xad, 0x47, 0x20, 0xb6, 0x4a,
	0xa0, 0x00, 0xb1, 0x02, 0xc9, 0x8a, 0xd0, 0x1c, 0x20, 0x73, 0x42, 0x86,
	0x12, 0x05, 0x12, 0xf0, 0x05, 0xa9, 0x00, 0x4c, 0x23, 0x1a, 0xa9, 0x01,
	0x20, 0x43, 0x42, 0x20, 0xce, 0x0f, 0xa2, 0x00, 0x8a, 0x4c, 0xca, 0x48,
	0xb1, 0x02, 0xc9, 0x03, 0x20, 0x9f, 0x49, 0x4c, 0xca, 0x48, 0x20, 0x1d,
	0x48, 0xa9, 0x00, 0xa8, 0x91, 0x02, 0xc9, 0xc8, 0xb0, 0x0b, 0x20, 0x2f,
	0x43, 0xaa, 0xf0, 0x1a, 0xa2, 0x00, 0x4c, 0x53, 0x1a, 0x4c, 0xca, 0x48,
	0xa9, 0x02, 0x20, 0xd8, 0x2c, 0x20, 0x05, 0x1a, 0xa0, 0x00, 0x18, 0xa9,
	0x01, 0x71, 0x02, 0x4c, 0x3f, 0x1a, 0x4c, 0xca, 0x48, 0xad, 0x97, 0x55,
	0x20, 0xb6, 0x4a, 0x20, 0xb0, 0x3c, 0x20, 0xcc, 0x4a, 0xa0, 0x02, 0xb1,
	0x02, 0x20, 0xd3, 0x4b, 0x20, 0xcc, 0x4a, 0x20, 0x26, 0x48, 0xa9, 0x00,
	0x8d, 0x1b, 0x56, 0x20, 0xa7, 0x15, 0xa9, 0x01, 0x20, 0x9a, 0x42, 0xa9,
	0xd2, 0xa2, 0x4e, 0x20, 0xcc, 0x4a, 0xa9, 0x03, 0x20, 0x94, 0x13, 0x20,
	0x39, 0x1a, 0x20, 0x7e, 0x11, 0xa9, 0x78, 0xa2, 0x55, 0x20, 0xcc, 0x4a,
	0xad, 0x89, 0x55, 0x20, 0xb6, 0x4a, 0xad, 0x8a, 0x55, 0x20, 0x74, 0x3b,
	0xa9, 0x01, 0xa8, 0x91, 0x02, 0x38, 0xa0, 0x04, 0xf1, 0x02, 0x90, 0x02,
	0xd0, 0x41, 0xa0, 0x01, 0xb1, 0x02, 0x29, 0x01, 0x20, 0xa4, 0x0e, 0xa0,
	0x03, 0x20, 0x86, 0x49, 0x20, 0xd8, 0x2c, 0x20, 0x79, 0x42, 0xa0, 0x01,
	0xb1, 0x02, 0x20, 0xb6, 0x4a, 0xa0, 0x05, 0xb1, 0x02, 0x20, 0xb6, 0x4a,
	0xa9, 0x03, 0x20, 0x42, 0x16, 0xa0, 0x01, 0xb1, 0x02, 0x20, 0x06, 0x15,
	0xa0, 0x04, 0xb1, 0x02, 0x20, 0x44, 0x15, 0x20, 0x05, 0x1a, 0xa0, 0x01,
	0x18, 0x98, 0x71, 0x02, 0x4c, 0xb6, 0x1a, 0xb1, 0x02, 0x20, 0xb6, 0x4a,
	0xa0, 0x05, 0xb1, 0x02, 0x20, 0xb6, 0x4a, 0xa9, 0x03, 0x20, 0x42, 0x16,
	0xa0, 0x04, 0xb1, 0x02, 0x20, 0xb6, 0x4a, 0xa0, 0x05, 0xb1, 0x02, 0x20,
	0xc9, 0x15, 0xa0, 0x04, 0xb1, 0x02, 0x20, 0xb6, 0x4a, 0xa0, 0x05, 0xb1,
	0x02, 0x20, 0xb6, 0x4a, 0xa9, 0x00, 0x20, 0xde, 0x16, 0xa9, 0x00, 0x20,
	0x9a, 0x29, 0xa9, 0x11, 0xa2, 0x50, 0x20, 0xcc, 0x4a, 0xa9, 0x03, 0x20,
	0x94, 0x13, 0xa9, 0x07, 0x20, 0xe5, 0x14, 0xa9, 0x01, 0x20, 0xa4, 0x0e,
	0xa9, 0x00, 0xa0, 0x01, 0x91, 0x02, 0xc9, 0x5a, 0xb0, 0x3f, 0xa2, 0x00,
	0xa9, 0x3c, 0x20, 0xd8, 0x2c, 0xa0, 0x01, 0xb1, 0x02, 0x20, 0x06, 0x15,
	0xa9, 0x0c, 0x20, 0x82, 0x22, 0xa9, 0x48, 0x20, 0xca, 0x4a, 0xa9, 0x50,
	0x20, 0xb6, 0x4a, 0xa0, 0x04, 0xb1, 0x02, 0x20, 0xca, 0x4a, 0xa9, 0x02,
	0x20, 0xa4, 0x2a, 0x20, 0x05, 0x1a, 0x20, 0xc1, 0x3c, 0xa0, 0x00, 0x91,
	0x02, 0xc9, 0xff, 0xd0, 0x08, 0xc8, 0x18, 0x98, 0x71, 0x02, 0x4c, 0x53,
	0x1b, 0xa9, 0x00, 0x20, 0xa4, 0x0e, 0xa0, 0x01, 0xb1, 0x02, 0xc9, 0x5a,
	0x90, 0x14, 0xa9, 0x0a, 0x20, 0xe5, 0x14, 0x20, 0x8e, 0x11, 0xa9, 0x6a,
	0xa2, 0x4d, 0x20, 0xcc, 0x4a, 0xa9, 0x0a, 0x4c, 0x2e, 0x1c, 0xa0, 0x04,
	0xb1, 0x02, 0x20, 0xb6, 0x4a, 0xa0, 0x05, 0xb1, 0x02, 0x20, 0xc9, 0x15,
	0xa0, 0x04, 0xb1, 0x02, 0x20, 0xb6, 0x4a, 0xa0, 0x05, 0xb1, 0x02, 0x20,
	0xb6, 0x4a, 0xa9, 0x00, 0x20, 0xde, 0x16, 0xa0, 0x00, 0xb1, 0x02, 0xf0,
	0x05, 0xa9, 0x0a, 0x4c, 0xe7, 0x1b, 0xa9, 0x0d, 0x20, 0xe5, 0x14, 0xa0,
	0x00, 0xb1, 0x02, 0xf0, 0x2d, 0x20, 0x8e, 0x11, 0xa9, 0xf4, 0xa2, 0x4f,
	0x20, 0xcc, 0x4a, 0xa9, 0x0a, 0x20, 0x94, 0x13, 0xa9, 0x0a, 0x20, 0x82,
	0x22, 0xa9, 0x08, 0x20, 0xca, 0x4a, 0xa9, 0xb0, 0x20, 0xb6, 0x4a, 0xa9,
	0x4a, 0xa2, 0x56, 0x20, 0xcc, 0x4a, 0xa9, 0x26, 0x20, 0x33, 0x2a, 0x4c,
	0xf1, 0x48, 0x20, 0x8e, 0x11, 0xa9, 0x02, 0x20, 0x9a, 0x42, 0xa9, 0xfe,
	0xa2, 0x4e, 0x20, 0xcc, 0x4a, 0xa9, 0x0d, 0x20, 0x94, 0x13, 0x4c, 0xf1,
	0x48, 0x20, 0x33, 0x48, 0xad, 0x97, 0x55, 0x20, 0xb6, 0x4a, 0xa9, 0x00,
	0x8d, 0x1b, 0x56, 0x20, 0xa7, 0x15, 0xa9, 0x01, 0x20, 0x9a, 0x42, 0xa9,
	0xa0, 0xa2, 0x50, 0x20, 0xcc, 0x4a, 0xa9, 0x03, 0x20, 0x94, 0x13, 0x20,
	0x39, 0x1a, 0x20, 0x7e, 0x11, 0xad, 0x89, 0x55, 0x20, 0xb6, 0x4a, 0xad,
	0x8a, 0x55, 0x20, 0x50, 0x39, 0xaa, 0xd0, 0x0f, 0x20, 0x8e, 0x11, 0xa9,
	0x03, 0xa2, 0x4f, 0x20, 0xcc, 0x4a, 0xa9, 0x0a, 0x4c, 0xea, 0x1e, 0xa9,
	0xea, 0xa2, 0x50, 0x20, 0xcc, 0x4a, 0xa9, 0x03, 0x20, 0x94, 0x13, 0xa9,
	0x01, 0xa0, 0x03, 0x91, 0x02, 0x38, 0xa0, 0x00, 0xf1, 0x02, 0x90, 0x05,
	0xf0, 0x03, 0x4c, 0x93, 0x1d, 0x98, 0xc8, 0x91, 0x02, 0xa9, 0x01, 0x20,
	0xa4, 0x0e, 0xa0, 0x03, 0xb1, 0x02, 0x20, 0x6b, 0x3a, 0xa0, 0x02, 0x91,
	0x02, 0xa9, 0x00, 0x20, 0xa4, 0x0e, 0xa0, 0x02, 0xb1, 0x02, 0xc9, 0x01,
	0xf0, 0x60, 0x88, 0x18, 0x98, 0x71, 0x02, 0x91, 0x02, 0xc9, 0x05, 0x90,
	0x2f, 0xad, 0x1b, 0x56, 0xc9, 0x10, 0xb0, 0x0a, 0xa0, 0x03, 0xb1, 0x02,
	0xac, 0x1b, 0x56, 0x99, 0x0b, 0x56, 0xee, 0x1b, 0x56, 0xa9, 0x00, 0x8d,
	0x1c, 0x56, 0xa0, 0x03, 0xb1, 0x02, 0x20, 0xb6, 0x4a, 0xa0, 0x01, 0xb1,
	0x02, 0x20, 0xb6, 0x4a, 0xa9, 0x02, 0x20, 0x42, 0x16, 0x4c, 0x17, 0x1d,
	0xa0, 0x03, 0xb1, 0x02, 0x20, 0xb6, 0x4a, 0xa0, 0x01, 0xb1, 0x02, 0x20,
	0xb6, 0x4a, 0xa0, 0x03, 0xb1, 0x02, 0x20, 0xde, 0x16, 0xa9, 0x64, 0xa2,
	0x51, 0x20, 0xcc, 0x4a, 0xa9, 0x0a, 0x20, 0x94, 0x13, 0x4c, 0x9c, 0x1c,
	0xa0, 0x02, 0xb1, 0x02, 0xc9, 0x01, 0xd0, 0x24, 0x88, 0xb1, 0x02, 0xf0,
	0x0c, 0xa9, 0xea, 0xa2, 0x50, 0x20, 0xcc, 0x4a, 0xa9, 0x03, 0x20, 0x94,
	0x13, 0xa0, 0x03, 0xb1, 0x02, 0x20, 0xb6, 0x4a, 0xa0, 0x01, 0xb1, 0x02,
	0x20, 0xb6, 0x4a, 0xa9, 0x03, 0x20, 0x42, 0x16, 0x20, 0x79, 0x42, 0xa0,
	0x03, 0xb1, 0x02, 0x20, 0xb6, 0x4a, 0xa0, 0x01, 0xb1, 0x02, 0x20, 0xc9,
	0x15, 0xa0, 0x03, 0xb1, 0x02, 0x20, 0xb6, 0x4a, 0xa0, 0x01, 0xb1, 0x02,
	0x20, 0xb6, 0x4a, 0xa0, 0x03, 0xb1, 0x02, 0x20, 0xde, 0x16, 0x20, 0x05,
	0x1a, 0xaa, 0xf0, 0x1a, 0xa9, 0x00, 0x20, 0x9a, 0x29, 0x20, 0x8e, 0x11,
	0xa9, 0x97, 0xa2, 0x4f, 0x20, 0xcc, 0x4a, 0xa9, 0x0a, 0x20, 0x94, 0x13,
	0x20, 0xc4, 0x3c, 0x4c, 0xec, 0x48, 0xa0, 0x03, 0x18, 0xa9, 0x01, 0x71,
	0x02, 0x4c, 0x8a, 0x1c, 0x20, 0xc4, 0x3c, 0xa9, 0x00, 0x20, 0x9a, 0x29,
	0xa9, 0x75, 0xa2, 0x50, 0x20, 0xcc, 0x4a, 0xa9, 0x03, 0x20, 0x94, 0x13,
	0xa9, 0x07, 0x20, 0xe5, 0x14, 0xa9, 0x01, 0x20, 0xa4, 0x0e, 0xa9, 0x78,
	0xa2, 0x55, 0x20, 0xcc, 0x4a, 0xad, 0x89, 0x55, 0x20, 0xb6, 0x4a, 0xad,
	0x8a, 0x55, 0x20, 0xd6, 0x3c, 0x20, 0x4b, 0x3f, 0x20, 0xcc, 0x4a, 0xa9,
	0x00, 0xa0, 0x05, 0x91, 0x02, 0xa0, 0x00, 0xb1, 0x02, 0xc8, 0x11, 0x02,
	0xf0, 0x3c, 0x20, 0x84, 0x49, 0xc9, 0x1f, 0x8a, 0xe9, 0x00, 0x90, 0x07,
	0xa2, 0x00, 0xa9, 0x1e, 0x4c, 0xed, 0x1d, 0x20, 0x84, 0x49, 0x20, 0xcc,
	0x4a, 0x20, 0x84, 0x49, 0x20, 0xd8, 0x2c, 0x20, 0x84, 0x49, 0xa0, 0x02,
	0x20, 0xb3, 0x4b, 0xa0, 0x07, 0xb1, 0x02, 0x20, 0x06, 0x15, 0x20, 0x05,
	0x1a, 0x20, 0xd9, 0x48, 0xa0, 0x05, 0x18, 0xa9, 0x01, 0x71, 0x02, 0x4c,
	0xce, 0x1d, 0x20, 0xd9, 0x48, 0xa0, 0x03, 0x91, 0x02, 0xc9, 0x78, 0xb0,
	0x29, 0x20, 0x5c, 0x3f, 0xa0, 0x02, 0x91, 0x02, 0xc9, 0xff, 0xd0, 0x1e,
	0xa2, 0x00, 0xa9, 0x3c, 0x20, 0xd8, 0x2c, 0xa0, 0x03, 0xb1, 0x02, 0x18,
	0x69, 0x07, 0x20, 0x06, 0x15, 0x20, 0x05, 0x1a, 0xa0, 0x03, 0x18, 0xa9,
	0x01, 0x71, 0x02, 0x4c, 0x1a, 0x1e, 0xa9, 0x00, 0x20, 0xa4, 0x0e, 0xa0,
	0x03, 0xb1, 0x02, 0xc9, 0x78, 0x90, 0x14, 0xa9, 0x0a, 0x20, 0xe5, 0x14,
	0x20, 0x8e, 0x11, 0xa9, 0x2e, 0xa2, 0x4f, 0x20, 0xcc, 0x4a, 0xa9, 0x0a,
	0x4c, 0xea, 0x1e, 0xa0, 0x00, 0xb1, 0x02, 0x20, 0xb6, 0x4a, 0xa0, 0x01,
	0xb1, 0x02, 0x20, 0xc9, 0x15, 0xa0, 0x02, 0xb1, 0x02, 0xf0, 0x05, 0xa9,
	0x0a, 0x4c, 0x8f, 0x1e, 0xad, 0x1b, 0x56, 0xf0, 0x05, 0xa9, 0x07, 0x4c,
	0x8f, 0x1e, 0xa9, 0x0d, 0x20, 0xe5, 0x14, 0xa0, 0x02, 0xb1, 0x02, 0xf0,
	0x0f, 0x20, 0x8e, 0x11, 0xa9, 0x2d, 0xa2, 0x50, 0x20, 0xcc, 0x4a, 0xa9,
	0x0a, 0x4c, 0xea, 0x1e, 0xad, 0x1b, 0x56, 0xf0, 0x2d, 0xa9, 0x0b, 0xa2,
	0x56, 0x20, 0xcc, 0x4a, 0xad, 0x1b, 0x56, 0xc9, 0x11, 0x90, 0x05, 0xa9,
	0x10, 0x4c, 0xc2, 0x1e, 0xad, 0x1b, 0x56, 0x20, 0x5f, 0x3f, 0x20, 0x8e,
	0x11, 0xa9, 0x02, 0x20, 0x9a, 0x42, 0xa9, 0x76, 0xa2, 0x4f, 0x20, 0xcc,
	0x4a, 0xa9, 0x07, 0x4c, 0xea, 0x1e, 0x20, 0x8e, 0x11, 0xa9, 0x02, 0x20,
	0x9a, 0x42, 0xa9, 0xfe, 0xa2, 0x4e, 0x20, 0xcc, 0x4a, 0xa9, 0x0d, 0x20,
	0x94, 0x13, 0x4c, 0xec, 0x48, 0x20, 0x1d, 0x48, 0x20, 0x8c, 0x20, 0x20,
	0xcb, 0x41, 0x20, 0xad, 0x11, 0x20, 0x8e, 0x11, 0x20, 0x5f, 0x17, 0x20,
	0xad, 0x17, 0xa9, 0x00, 0x20, 0xb6, 0x4a, 0xad, 0x97, 0x55, 0x20, 0xb6,
	0x4a, 0xa9, 0x00, 0x20, 0xde, 0x16, 0x20, 0xad, 0x47, 0xa0, 0x00, 0x91,
	0x02, 0xc9, 0x85, 0xf0, 0x31, 0xc9, 0x86, 0xf0, 0x48, 0xc9, 0x87, 0xd0,
	0x03, 0x4c, 0x03, 0x20, 0xc9, 0x88, 0xd0, 0x03, 0x4c, 0x3b, 0x20, 0xc9,
	0x89, 0xd0, 0x03, 0x4c, 0x0f, 0x20, 0xc9, 0x8a, 0xd0, 0x03, 0x4c, 0xce,
	0x1f, 0xc9, 0x8b, 0xd0, 0x03, 0x4c, 0x09, 0x20, 0xc9, 0x8c, 0xd0, 0x03,
	0x4c, 0x75, 0x20, 0x4c, 0x15, 0x1f, 0x20, 0x7d, 0x2d, 0xad, 0x77, 0x55,
	0xc9, 0x0b, 0x90, 0x05, 0xa9, 0x08, 0x4c, 0x66, 0x1f, 0xad, 0x77, 0x55,
	0x18, 0x69, 0x01, 0x8d, 0x77, 0x55, 0x4c, 0x02, 0x1f, 0xad, 0x96, 0x55,
	0xc9, 0x01, 0xf0, 0x0f, 0xa9, 0x68, 0xa2, 0x4c, 0x20, 0xcc, 0x4a, 0xa9,
	0x0c, 0x20, 0x94, 0x13, 0x4c, 0x15, 0x1f, 0xad, 0x8b, 0x55, 0xc9, 0x01,
	0xf0, 0x0f, 0xa9, 0xc3, 0xa2, 0x4c, 0x20, 0xcc, 0x4a, 0xa9, 0x07, 0x20,
	0x94, 0x13, 0x4c, 0x15, 0x1f, 0xa9, 0x3c, 0x18, 0x6d, 0x9c, 0x55, 0x8d,
	0x9c, 0x55, 0x90, 0x03, 0xee, 0x9d, 0x55, 0xad, 0x9c, 0x55, 0xc9, 0x85,
	0xad, 0x9d, 0x55, 0xe9, 0x03, 0x90, 0x0a, 0xa2, 0x00, 0xa9, 0x3c, 0x8d,
	0x9c, 0x55, 0x8e, 0x9d, 0x55, 0x20, 0x90, 0x12, 0xa9, 0xbb, 0xa2, 0x4d,
	0x20, 0xcc, 0x4a, 0xa9, 0x07, 0x20, 0x94, 0x13, 0x4c, 0x15, 0x1f, 0x20,
	0x73, 0x42, 0x86, 0x12, 0x05, 0x12, 0xf0, 0x05, 0xa9, 0x00, 0x4c, 0xde,
	0x1f, 0xa9, 0x01, 0x20, 0x43, 0x42, 0x20, 0xce, 0x0f, 0x20, 0x73, 0x42,
	0x86, 0x12, 0x05, 0x12, 0xf0, 0x07, 0xa9, 0xc4, 0xa2, 0x50, 0x4c, 0xf8,
	0x1f, 0xa9, 0xb4, 0xa2, 0x50, 0x20, 0xcc, 0x4a, 0xa9, 0x0c, 0x20, 0x94,
	0x13, 0x4c, 0x15, 0x1f, 0x20, 0xf0, 0x18, 0x4c, 0x15, 0x1f, 0x20, 0x52,
	0x18, 0x4c, 0x15, 0x1f, 0xad, 0x8b, 0x55, 0xd0, 0x05, 0xa9, 0x01, 0x4c,
	0x1a, 0x20, 0x98, 0x8d, 0x8b, 0x55, 0x20, 0xce, 0x0f, 0xad, 0x8b, 0x55,
	0xd0, 0x07, 0xa9, 0x50, 0xa2, 0x4e, 0x4c, 0x30, 0x20, 0xa9, 0x93, 0xa2,
	0x4e, 0x20, 0xcc, 0x4a, 0xa9, 0x07, 0x20, 0x94, 0x13, 0x4c, 0x15, 0x1f,
	0xad, 0x96, 0x55, 0xd0, 0x0f, 0xa9, 0x48, 0xa2, 0x50, 0x20, 0xcc, 0x4a,
	0xa9, 0x0a, 0x20, 0x94, 0x13, 0x4c, 0x15, 0x1f, 0x20, 0xd4, 0x19, 0xaa,
	0xf0, 0x11, 0xad, 0x8b, 0x55, 0xd0, 0x06, 0x20, 0x68, 0x1a, 0x4c, 0x15,
	0x1f, 0x20, 0x34, 0x1c, 0x4c, 0x15, 0x1f, 0xa9, 0xdf, 0xa2, 0x50, 0x20,
	0xcc, 0x4a, 0xa9, 0x0c, 0x20, 0x94, 0x13, 0x4c, 0x15, 0x1f, 0x20, 0x28,
	0x49, 0x20, 0x44, 0x44, 0xa9, 0x00, 0x20, 0x43, 0x42, 0x20, 0x7d, 0x2d,
	0x20, 0x4e, 0x22, 0xa2, 0x00, 0x8a, 0x4c, 0xca, 0x48, 0x20, 0x26, 0x48,
	0x78, 0xa9, 0x33, 0x85, 0x01, 0xa2, 0x00, 0x8a, 0x20, 0x7b, 0x4b, 0x20,
	0x84, 0x49, 0xe0, 0x08, 0xb0, 0x2d, 0xa9, 0x00, 0xa8, 0x18, 0x71, 0x02,
	0x85, 0x04, 0xa9, 0xc0, 0xc8, 0x71, 0x02, 0x85, 0x05, 0xa9, 0x00, 0x18,
	0x88, 0x71, 0x02, 0x85, 0x0a, 0xa9, 0xd0, 0xc8, 0x71, 0x02, 0x85, 0x0b,
	0x88, 0xb1, 0x0a, 0x91, 0x04, 0xa2, 0x00, 0xa9, 0x01, 0x20, 0x3e, 0x47,
	0x4c, 0x9a, 0x20, 0xa9, 0x37, 0x85, 0x01, 0x58, 0x20, 0x43, 0x2b, 0xa2,
	0x00, 0x8a, 0x20, 0x7b, 0x4b, 0xa0, 0x01, 0xb1, 0x02, 0xc9, 0x00, 0xd0,
	0x05, 0x88, 0xb1, 0x02, 0xc9, 0x3f, 0x90, 0x03, 0x4c, 0xa5, 0x21, 0xa9,
	0x00, 0xa8, 0x18, 0x71, 0x02, 0x85, 0x04, 0xa9, 0x5b, 0xc8, 0x71, 0x02,
	0x85, 0x05, 0xa9, 0x95, 0x18, 0x88, 0x71, 0x02, 0x85, 0x0a, 0xa9, 0x51,
	0xc8, 0x71, 0x02, 0x85, 0x0b, 0x88, 0xb1, 0x0a, 0x91, 0x04, 0x20, 0x84,
	0x49, 0xa0, 0x40, 0x20, 0xc1, 0x48, 0x85, 0x0a, 0x86, 0x0b, 0xa9, 0x00,
	0x18, 0x65, 0x0a, 0x85, 0x04, 0xa9, 0x5b, 0x65, 0x0b, 0x85, 0x05, 0xa9,
	0xd4, 0x18, 0xa0, 0x00, 0x71, 0x02, 0x85, 0x0a, 0xa9, 0x51, 0xc8, 0x71,
	0x02, 0x85, 0x0b, 0x88, 0xb1, 0x0a, 0x91, 0x04, 0x20, 0x84, 0x49, 0xa0,
	0x80, 0x20, 0xc1, 0x48, 0x85, 0x0a, 0x86, 0x0b, 0xa9, 0x00, 0x18, 0x65,
	0x0a, 0x85, 0x04, 0xa9, 0x5b, 0x65, 0x0b, 0x85, 0x05, 0xa9, 0x13, 0x18,
	0xa0, 0x00, 0x71, 0x02, 0x85, 0x0a, 0xa9, 0x52, 0xc8, 0x71, 0x02, 0x85,
	0x0b, 0x88, 0xb1, 0x0a, 0x91, 0x04, 0x20, 0x84, 0x49, 0xa0, 0xc0, 0x20,
	0xc1, 0x48, 0x85, 0x0a, 0x86, 0x0b, 0xa9, 0x00, 0x18, 0x65, 0x0a, 0x85,
	0x04, 0xa9, 0x5b, 0x65, 0x0b, 0x85, 0x05, 0xa9, 0x52, 0x18, 0xa0, 0x00,
	0x71, 0x02, 0x85, 0x0a, 0xa9, 0x52, 0xc8, 0x71, 0x02, 0x85, 0x0b, 0x88,
	0xb1, 0x0a, 0x91, 0x04, 0xa2, 0x00, 0xa9, 0x01, 0x20, 0x3e, 0x47, 0x4c,
	0xdc, 0x20, 0xad, 0x02, 0xdd, 0x09, 0x03, 0x8d, 0x02, 0xdd, 0xad, 0x00,
	0xdd, 0x29, 0xfc, 0x09, 0x02, 0x8d, 0x00, 0xdd, 0xa9, 0x78, 0x8d, 0x18,
	0xd0, 0xa9, 0x3b, 0x8d, 0x11, 0xd0, 0xa9, 0x08, 0x8d, 0x16, 0xd0, 0xa9,
	0x00, 0x8d, 0x20, 0xd0, 0x8d, 0x21, 0xd0, 0xa9, 0x6c, 0x8d, 0x47, 0x56,
	0xa9, 0x6e, 0x8d, 0x48, 0x56, 0xa9, 0x6f, 0x8d, 0x49, 0x56, 0xa2, 0x5c,
	0xa9, 0x00, 0x20, 0xcc, 0x4a, 0xad, 0x47, 0x56, 0xa0, 0x01, 0x18, 0x48,
	0xa9, 0x03, 0x71, 0x02, 0x91, 0x02, 0x68, 0xa0, 0xf8, 0x20, 0x65, 0x4b,
	0xa9, 0x00, 0x20, 0xcc, 0x4a, 0xad, 0x48, 0x56, 0xa0, 0x01, 0x18, 0x48,
	0xa9, 0x03, 0x71, 0x02, 0x91, 0x02, 0x68, 0xa0, 0xf9, 0x20, 0x65, 0x4b,
	0xa9, 0x00, 0x20, 0xcc, 0x4a, 0xad, 0x49, 0x56, 0xa0, 0x01, 0x18, 0x48,
	0xa9, 0x03, 0x71, 0x02, 0x91, 0x02, 0x68, 0xa0, 0xfa, 0x20, 0x65, 0x4b,
	0xa2, 0xd0, 0xa9, 0x27, 0x85, 0x0a, 0x86, 0x0b, 0xa9, 0x0f, 0xa0, 0x00,
	0x91, 0x0a, 0x98, 0xc8, 0x91, 0x0a, 0xc8, 0x91, 0x0a, 0x8d, 0x1c, 0xd0,
	0x8d, 0x1d, 0xd0, 0x8d, 0x17, 0xd0, 0x8d, 0x15, 0xd0, 0x20, 0x75, 0x22,
	0x4c, 0xd9, 0x48, 0xa9, 0x00, 0x8d, 0x15, 0xd0, 0xa9, 0x1b, 0x8d, 0x11,
	0xd0, 0xa9, 0xc8, 0x8d, 0x16, 0xd0, 0xa9, 0x15, 0x8d, 0x18, 0xd0, 0xad,
	0x00, 0xdd, 0x09, 0x03, 0x8d, 0x00, 0xdd, 0xa9, 0x0e, 0x8d, 0x20, 0xd0,
	0xa9, 0x06, 0x8d, 0x21, 0xd0, 0x60, 0xad, 0x95, 0x55, 0x0a, 0x0a, 0x0a,
	0x0a, 0x8d, 0x85, 0x56, 0x4c, 0x9c, 0x46, 0x20, 0xb6, 0x4a, 0xa0, 0x00,
	0xb1, 0x02, 0x8d, 0x95, 0x55, 0xb1, 0x02, 0x0a, 0x0a, 0x0a, 0x0a, 0x8d,
	0x85, 0x56, 0x4c, 0xca, 0x48, 0x20, 0xb6, 0x4a, 0xa0, 0x02, 0x20, 0x86,
	0x49, 0xc9, 0x40, 0x8a, 0xe9, 0x01, 0xb0, 0x1d, 0xa0, 0x00, 0xb1, 0x02,
	0xc9, 0xc8, 0xb0, 0x15, 0xa0, 0x02, 0x20, 0x86, 0x49, 0x8d, 0x80, 0x56,
	0x8e, 0x81, 0x56, 0xa0, 0x00, 0xb1, 0x02, 0x8d, 0x84, 0x56, 0x20, 0xc4,
	0x45, 0x4c, 0xe7, 0x48, 0x20, 0xb6, 0x4a, 0xa0, 0x00, 0xb1, 0x02, 0xc9,
	0xc8, 0xb0, 0x4e, 0xa0, 0x04, 0x20, 0x86, 0x49, 0xc9, 0x40, 0x8a, 0xe9,
	0x01, 0xb0, 0x42, 0xa0, 0x02, 0x20, 0x86, 0x49, 0xc9, 0x40, 0x8a, 0xe9,
	0x01, 0x90, 0x09, 0xa2, 0x01, 0xa9, 0x3f, 0xa0, 0x01, 0x20, 0x7d, 0x4b,
	0xa0, 0x02, 0x20, 0x86, 0x49, 0xa0, 0x03, 0xd1, 0x02, 0x8a, 0xc8, 0xf1,
	0x02, 0x90, 0x1e, 0x20, 0x86, 0x49, 0x8d, 0x80, 0x56, 0x8e, 0x81, 0x56,
	0xa0, 0x02, 0x20, 0x86, 0x49, 0x8d, 0x82, 0x56, 0x8e, 0x83, 0x56, 0xa0,
	0x00, 0xb1, 0x02, 0x8d, 0x84, 0x56, 0x20, 0xd6, 0x45, 0x4c, 0xf1, 0x48,
	0x20, 0xb6, 0x4a, 0x20, 0x1d, 0x48, 0xa0, 0x04, 0x20, 0x86, 0x49, 0xc9,
	0x40, 0x8a, 0xe9, 0x01, 0xb0, 0x3a, 0xa0, 0x01, 0xb1, 0x02, 0xc9, 0xc8,
	0x90, 0x04, 0xa9, 0xc7, 0x91, 0x02, 0xa0, 0x04, 0x20, 0x86, 0x49, 0x8d,
	0x80, 0x56, 0x8e, 0x81, 0x56, 0xa0, 0x02, 0xb1, 0x02, 0xa0, 0x00, 0x91,
	0x02, 0x38, 0xc8, 0xf1, 0x02, 0x90, 0x02, 0xd0, 0x13, 0x88, 0xb1, 0x02,
	0x8d, 0x84, 0x56, 0x20, 0xc4, 0x45, 0xa0, 0x00, 0x18, 0xa9, 0x01, 0x71,
	0x02, 0x4c, 0x52, 0x23, 0x4c, 0xf1, 0x48, 0x20, 0xb6, 0x4a, 0xa0, 0x07,
	0x20, 0xe4, 0x4a, 0xa0, 0x04, 0x20, 0x86, 0x49, 0x18, 0xa0, 0x06, 0x71,
	0x02, 0x48, 0x8a, 0xc8, 0x71, 0x02, 0xaa, 0x68, 0x20, 0x06, 0x48, 0x20,
	0xcc, 0x4a, 0xa0, 0x07, 0xb1, 0x02, 0x20, 0xc7, 0x22, 0xa0, 0x07, 0x20,
	0xe4, 0x4a, 0xa0, 0x04, 0x20, 0x86, 0x49, 0x18, 0xa0, 0x06, 0x71, 0x02,
	0x48, 0x8a, 0xc8, 0x71, 0x02, 0xaa, 0x68, 0x20, 0x06, 0x48, 0x20, 0xcc,
	0x4a, 0xa0, 0x04, 0xb1, 0x02, 0x18, 0xa0, 0x07, 0x71, 0x02, 0x38, 0xe9,
	0x01, 0x20, 0xc7, 0x22, 0xa0, 0x07, 0x20, 0xe4, 0x4a, 0xa0, 0x05, 0xb1,
	0x02, 0x20, 0xb6, 0x4a, 0xa0, 0x03, 0xb1, 0x02, 0x18, 0xa0, 0x06, 0x71,
	0x02, 0x38, 0xe9, 0x01, 0x20, 0x23, 0x23, 0xa0, 0x02, 0x20, 0x86, 0x49,
	0x18, 0xa0, 0x04, 0x71, 0x02, 0x48, 0x8a, 0xc8, 0x71, 0x02, 0xaa, 0x68,
	0x20, 0x06, 0x48, 0x20, 0xcc, 0x4a, 0xa0, 0x05, 0xb1, 0x02, 0x20, 0xb6,
	0x4a, 0xa0, 0x03, 0xb1, 0x02, 0x18, 0xa0, 0x06, 0x71, 0x02, 0x38, 0xe9,
	0x01, 0x20, 0x23, 0x23, 0x4c, 0xf6, 0x48, 0x20, 0xb6, 0x4a, 0x20, 0x1d,
	0x48, 0xa9, 0x00, 0xa8, 0x91, 0x02, 0xc8, 0xd1, 0x02, 0xb0, 0x32, 0xa0,
	0x08, 0x20, 0xe4, 0x4a, 0xa0, 0x05, 0x20, 0x86, 0x49, 0x18, 0xa0, 0x07,
	0x71, 0x02, 0x48, 0x8a, 0xc8, 0x71, 0x02, 0xaa, 0x68, 0x20, 0x06, 0x48,
	0x20, 0xcc, 0x4a, 0xa0, 0x04, 0xb1, 0x02, 0x18, 0xa0, 0x08, 0x71, 0x02,
	0x20, 0xc7, 0x22, 0xa0, 0x00, 0x18, 0xa9, 0x01, 0x71, 0x02, 0x4c, 0x17,
	0x24, 0x4c, 0xfb, 0x48, 0x20, 0xb6, 0x4a, 0x20, 0xc8, 0x4a, 0xa0, 0x02,
	0xb1, 0x02, 0x20, 0xca, 0x4a, 0xa9, 0x03, 0x20, 0xca, 0x4a, 0xa0, 0x06,
	0xb1, 0x02, 0x0a, 0x90, 0x02, 0xa2, 0x01, 0x20, 0x9e, 0x4b, 0x20, 0xcc,
	0x4a, 0x20, 0x40, 0x48, 0xa0, 0x0a, 0xb1, 0x02, 0xc9, 0x51, 0x90, 0x03,
	0x4c, 0xfb, 0x26, 0xa2, 0xc9, 0xa9, 0x80, 0x85, 0x0a, 0x86, 0x0b, 0xa0,
	0x00, 0xb1, 0x0a, 0xc8, 0x91, 0x02, 0xa9, 0x80, 0xa0, 0x06, 0x18, 0x71,
	0x02, 0x85, 0x0a, 0x8a, 0xc8, 0x71, 0x02, 0x85, 0x0b, 0xa0, 0x00, 0xb1,
	0x0a, 0x91, 0x02, 0x4c, 0xe4, 0x26, 0xa9, 0x80, 0xa0, 0x08, 0x18, 0x71,
	0x02, 0x85, 0x0a, 0xa9, 0xc9, 0xc8, 0x71, 0x02, 0x85, 0x0b, 0xa0, 0x00,
	0xb1, 0x0a, 0xa0, 0x03, 0x91, 0x02, 0xa9, 0x80, 0xa0, 0x06, 0x18, 0x71,
	0x02, 0x85, 0x0a, 0xa9, 0xc9, 0xc8, 0x71, 0x02, 0x85, 0x0b, 0xa0, 0x00,
	0xb1, 0x0a, 0xa0, 0x02, 0x91, 0x02, 0x18, 0xa0, 0x0c, 0x71, 0x02, 0x48,
	0xa9, 0x00, 0xc8, 0x71, 0x02, 0xaa, 0x68, 0x20, 0xcc, 0x4a, 0xa0, 0x02,
	0xb1, 0x02, 0x18, 0xa0, 0x0e, 0x71, 0x02, 0x48, 0xa9, 0x00, 0xc8, 0x71,
	0x02, 0xaa, 0x68, 0x20, 0xcc, 0x4a, 0xa0, 0x0c, 0xb1, 0x02, 0x18, 0xa0,
	0x0f, 0x71, 0x02, 0x20, 0xc7, 0x22, 0xa0, 0x0d, 0x20, 0x86, 0x49, 0x38,
	0xa0, 0x00, 0xf1, 0x02, 0x48, 0x8a, 0xe9, 0x00, 0xaa, 0x68, 0x20, 0xcc,
	0x4a, 0xa0, 0x0f, 0x20, 0x86, 0x49, 0x38, 0xa0, 0x04, 0xf1, 0x02, 0x48,
	0x8a, 0xe9, 0x00, 0xaa, 0x68, 0x20, 0xcc, 0x4a, 0xa0, 0x0c, 0xb1, 0x02,
	0x18, 0xa0, 0x0f, 0x71, 0x02, 0x20, 0xc7, 0x22, 0xa0, 0x02, 0xb1, 0x02,
	0x18, 0xa0, 0x0c, 0x71, 0x02, 0x48, 0xa9, 0x00, 0xc8, 0x71, 0x02, 0xaa,
	0x68, 0x20, 0xcc, 0x4a, 0xa0, 0x02, 0xb1, 0x02, 0x18, 0xa0, 0x0e, 0x71,
	0x02, 0x48, 0xa9, 0x00, 0xc8, 0x71, 0x02, 0xaa, 0x68, 0x20, 0xcc, 0x4a,
	0xa0, 0x0f, 0xb1, 0x02, 0x38, 0xa0, 0x0c, 0xf1, 0x02, 0x48, 0xa9, 0x00,
	0xc8, 0xf1, 0x02, 0x68, 0x20, 0xc7, 0x22, 0xa0, 0x0d, 0x20, 0x86, 0x49,
	0x38, 0xa0, 0x00, 0xf1, 0x02, 0x48, 0x8a, 0xe9, 0x00, 0xaa, 0x68, 0x20,
	0xcc, 0x4a, 0xa0, 0x0f, 0x20, 0x86, 0x49, 0x38, 0xa0, 0x04, 0xf1, 0x02,
	0x48, 0x8a, 0xe9, 0x00, 0xaa, 0x68, 0x20, 0xcc, 0x4a, 0xa0, 0x0f, 0xb1,
	0x02, 0x38, 0xa0, 0x0c, 0xf1, 0x02, 0x48, 0xa9, 0x00, 0xc8, 0xf1, 0x02,
	0x68, 0x20, 0xc7, 0x22, 0xa0, 0x01, 0xb1, 0x02, 0x18, 0xa0, 0x0c, 0x71,
	0x02, 0x48, 0xa9, 0x00, 0xc8, 0x71, 0x02, 0xaa, 0x68, 0x20, 0xcc, 0x4a,
	0xa0, 0x05, 0xb1, 0x02, 0x18, 0xa0, 0x0e, 0x71, 0x02, 0x48, 0xa9, 0x00,
	0xc8, 0x71, 0x02, 0xaa, 0x68, 0x20, 0xcc, 0x4a, 0xa0, 0x0a, 0xb1, 0x02,
	0x18, 0xa0, 0x0f, 0x71, 0x02, 0x20, 0xc7, 0x22, 0xa0, 0x0d, 0x20, 0x86,
	0x49, 0x38, 0xa0, 0x03, 0xf1, 0x02, 0x48, 0x8a, 0xe9, 0x00, 0xaa, 0x68,
	0x20, 0xcc, 0x4a, 0xa0, 0x0f, 0x20, 0x86, 0x49, 0x38, 0xa0, 0x03, 0xf1,
	0x02, 0x48, 0x8a, 0xe9, 0x00, 0xaa, 0x68, 0x20, 0xcc, 0x4a, 0xa0, 0x0a,
	0xb1, 0x02, 0x18, 0xa0, 0x0f, 0x71, 0x02, 0x20, 0xc7, 0x22, 0xa0, 0x01,
	0xb1, 0x02, 0x18, 0xa0, 0x0c, 0x71, 0x02, 0x48, 0xa9, 0x00, 0xc8, 0x71,
	0x02, 0xaa, 0x68, 0x20, 0xcc, 0x4a, 0xa0, 0x05, 0xb1, 0x02, 0x18, 0xa0,
	0x0e, 0x71, 0x02, 0x48, 0xa9, 0x00, 0xc8, 0x71, 0x02, 0xaa, 0x68, 0x20,
	0xcc, 0x4a, 0xa0, 0x0f, 0xb1, 0x02, 0x38, 0xa0, 0x0a, 0xf1, 0x02, 0x48,
	0xa9, 0x00, 0xc8, 0xf1, 0x02, 0x68, 0x20, 0xc7, 0x22, 0xa0, 0x0d, 0x20,
	0x86, 0x49, 0x38, 0xa0, 0x03, 0xf1, 0x02, 0x48, 0x8a, 0xe9, 0x00, 0xaa,
	0x68, 0x20, 0xcc, 0x4a, 0xa0, 0x0f, 0x20, 0x86, 0x49, 0x38, 0xa0, 0x03,
	0xf1, 0x02, 0x48, 0x8a, 0xe9, 0x00, 0xaa, 0x68, 0x20, 0xcc, 0x4a, 0xa0,
	0x0f, 0xb1, 0x02, 0x38, 0xa0, 0x0a, 0xf1, 0x02, 0x48, 0xa9, 0x00, 0xc8,
	0xf1, 0x02, 0x68, 0x20, 0xc7, 0x22, 0xa0, 0x03, 0xb1, 0x02, 0xa0, 0x01,
	0x91, 0x02, 0xc8, 0xb1, 0x02, 0xa0, 0x00, 0x91, 0x02, 0xa0, 0x05, 0x20,
	0x86, 0x49, 0xe0, 0x80, 0x90, 0x13, 0xa0, 0x09, 0x20, 0x86, 0x49, 0x20,
	0x65, 0x47, 0x20, 0xb5, 0x48, 0xa0, 0x04, 0x20, 0x40, 0x47, 0x4c, 0xdb,
	0x26, 0xa0, 0x09, 0x20, 0x86, 0x49, 0x38, 0xa0, 0x06, 0xf1, 0x02, 0x48,
	0x8a, 0xc8, 0xf1, 0x02, 0xaa, 0x68, 0x20, 0x65, 0x47, 0xa0, 0x0a, 0x20,
	0xc1, 0x48, 0xa0, 0x04, 0x20, 0x40, 0x47, 0xa2, 0x00, 0xa9, 0x01, 0xa0,
	0x06, 0x20, 0xb3, 0x4b, 0xa0, 0x08, 0xa2, 0x00, 0xa9, 0x01, 0x20, 0x40,
	0x47, 0xa0, 0x0b, 0x20, 0xe4, 0x4a, 0xa0, 0x09, 0x20, 0x86, 0x49, 0x20,
	0x76, 0x48, 0x10, 0x03, 0x4c, 0xa9, 0x24, 0xd0, 0x03, 0x4c, 0xa9, 0x24,
	0xa0, 0x0e, 0x4c, 0x50, 0x47, 0x20, 0xb6, 0x4a, 0x20, 0x26, 0x48, 0xa0,
	0x02, 0xb1, 0x02, 0x0a, 0x0a, 0x0a, 0x0a, 0x20, 0xb6, 0x4a, 0x20, 0x26,
	0x48, 0xa9, 0x00, 0xa0, 0x04, 0x91, 0x02, 0xa2, 0x00, 0xb1, 0x02, 0xa0,
	0x06, 0xd1, 0x02, 0xb0, 0x6f, 0xa0, 0x04, 0xb1, 0x02, 0x18, 0xa0, 0x08,
	0x71, 0x02, 0x90, 0x01, 0xe8, 0x20, 0xcc, 0x4a, 0xa9, 0x28, 0x20, 0x0a,
	0x4a, 0x85, 0x0a, 0x86, 0x0b, 0xa0, 0x09, 0xb1, 0x02, 0x18, 0x65, 0x0a,
	0xa6, 0x0b, 0x90, 0x01, 0xe8, 0x20, 0x7b, 0x4b, 0xa9, 0x00, 0xa0, 0x03,
	0x91, 0x02, 0xa2, 0x00, 0xb1, 0x02, 0xa0, 0x07, 0xd1, 0x02, 0xb0, 0x2e,
	0xa0, 0x03, 0xb1, 0x02, 0x18, 0xa0, 0x00, 0x71, 0x02, 0x85, 0x0a, 0x8a,
	0xc8, 0x71, 0x02, 0x85, 0x0b, 0x8a, 0x18, 0x65, 0x0a, 0x85, 0x0a, 0xa9,
	0x5c, 0x65, 0x0b, 0x85, 0x0b, 0xc8, 0xb1, 0x02, 0xa0, 0x00, 0x91, 0x0a,
	0xa0, 0x03, 0x18, 0xa9, 0x01, 0x71, 0x02, 0x4c, 0x4f, 0x27, 0xa0, 0x04,
	0x18, 0xa9, 0x01, 0x71, 0x02, 0x4c, 0x18, 0x27, 0xa0, 0x0a, 0x4c, 0x50,
	0x47, 0x20, 0xb6, 0x4a, 0x20, 0x4d, 0x48, 0xa9, 0x00, 0xa0, 0x04, 0x91,
	0x02, 0xc8, 0xd1, 0x02, 0x90, 0x03, 0x4c, 0x3c, 0x28, 0xa9, 0x00, 0xa0,
	0x03, 0x91, 0x02, 0xa2, 0x00, 0xb1, 0x02, 0xa0, 0x06, 0xd1, 0x02, 0xb0,
	0x76, 0xa0, 0x04, 0xb1, 0x02, 0x18, 0xa0, 0x07, 0x71, 0x02, 0x90, 0x01,
	0xe8, 0x20, 0xcc, 0x4a, 0xa2, 0x01, 0xa9, 0x40, 0x20, 0xc5, 0x49, 0x85,
	0x0a, 0x86, 0x0b, 0xa9, 0x00, 0x18, 0x65, 0x0a, 0x85, 0x0a, 0xa9, 0x60,
	0x65, 0x0b, 0x85, 0x0b, 0xa2, 0x00, 0xa0, 0x03, 0xb1, 0x02, 0x18, 0xa0,
	0x08, 0x71, 0x02, 0x90, 0x01, 0xe8, 0x20, 0x70, 0x47, 0x18, 0x65, 0x0a,
	0x48, 0x8a, 0x65, 0x0b, 0xaa, 0x68, 0x20, 0x7b, 0x4b, 0xa9, 0x00, 0xa0,
	0x02, 0x91, 0x02, 0xc9, 0x08, 0xb0, 0x1f, 0xa2, 0x00, 0xb1, 0x02, 0x18,
	0xa0, 0x00, 0x71, 0x02, 0x85, 0x0a, 0x8a, 0xc8, 0x71, 0x02, 0x85, 0x0b,
	0x8a, 0x88, 0x91, 0x0a, 0xa0, 0x02, 0x18, 0xa9, 0x01, 0x71, 0x02, 0x4c,
	0x04, 0x28, 0xc8, 0x18, 0xa9, 0x01, 0x71, 0x02, 0x4c, 0xb0, 0x27, 0xa0,
	0x04, 0x18, 0xa9, 0x01, 0x71, 0x02, 0x4c, 0xa2, 0x27, 0xa0, 0x09, 0x4c,
	0x50, 0x47, 0x20, 0xcc, 0x4a, 0xa0, 0x00, 0xb1, 0x02, 0xc8, 0x11, 0x02,
	0xf0, 0x54, 0x20, 0x84, 0x49, 0x18, 0xa0, 0x03, 0x71, 0x02, 0x48, 0x8a,
	0xc8, 0x71, 0x02, 0xaa, 0x68, 0xc9, 0x41, 0x8a, 0xe9, 0x01, 0x90, 0x13,
	0xa9, 0x40, 0x38, 0x88, 0xf1, 0x02, 0x48, 0xa9, 0x01, 0xc8, 0xf1, 0x02,
	0xaa, 0x68, 0x20, 0x7b, 0x4b, 0xa0, 0x04, 0x20, 0x86, 0x49, 0x8d, 0x80,
	0x56, 0x8e, 0x81, 0x56, 0x20, 0x84, 0x49, 0x18, 0xa0, 0x03, 0x71, 0x02,
	0x48, 0x8a, 0xc8, 0x71, 0x02, 0xaa, 0x68, 0x20, 0x06, 0x48, 0x8d, 0x82,
	0x56, 0x8e, 0x83, 0x56, 0xa0, 0x02, 0xb1, 0x02, 0x8d, 0x84, 0x56, 0x20,
	0xd7, 0x46, 0x4c, 0xf1, 0x48, 0x20, 0xb6, 0x4a, 0xa0, 0x00, 0xb1, 0x02,
	0xf0, 0x05, 0xa9, 0x6c, 0x4c, 0xb4, 0x28, 0xa9, 0x6d, 0x8d, 0x47, 0x56,
	0xa2, 0x5c, 0x98, 0x20, 0xcc, 0x4a, 0xad, 0x47, 0x56, 0xa0, 0x01, 0x18,
	0x48, 0xa9, 0x03, 0x71, 0x02, 0x91, 0x02, 0x68, 0xa0, 0xf8, 0x20, 0x65,
	0x4b, 0x4c, 0xca, 0x48, 0x20, 0xb6, 0x4a, 0xa0, 0x02, 0x20, 0x86, 0x49,
	0xa0, 0x18, 0x20, 0xc1, 0x48, 0x20, 0xcc, 0x4a, 0xa0, 0x05, 0xb1, 0x02,
	0xa8, 0xa9, 0x01, 0xa2, 0x00, 0x20, 0x05, 0x4b, 0x20, 0xb6, 0x4a, 0xa2,
	0x03, 0xa9, 0xf8, 0x18, 0xa0, 0x06, 0x71, 0x02, 0x90, 0x01, 0xe8, 0x85,
	0x0a, 0x86, 0x0b, 0xa9, 0x00, 0x18, 0x65, 0x0a, 0x48, 0xa9, 0x5c, 0x65,
	0x0b, 0xaa, 0x68, 0x20, 0xcc, 0x4a, 0xa0, 0x08, 0xb1, 0x02, 0xa8, 0xb9,
	0x47, 0x56, 0xa0, 0x00, 0x20, 0x65, 0x4b, 0xa0, 0x06, 0xa2, 0x00, 0xb1,
	0x02, 0x0a, 0x90, 0x01, 0xe8, 0x85, 0x0a, 0x86, 0x0b, 0xa9, 0x00, 0x18,
	0x65, 0x0a, 0x85, 0x0a, 0xa9, 0xd0, 0x65, 0x0b, 0x85, 0x0b, 0xa0, 0x01,
	0xb1, 0x02, 0x88, 0x91, 0x0a, 0xa0, 0x06, 0xa2, 0x00, 0xb1, 0x02, 0x0a,
	0x90, 0x01, 0xe8, 0x20, 0xa2, 0x48, 0x85, 0x0a, 0x86, 0x0b, 0xa9, 0x00,
	0x18, 0x65, 0x0a, 0x85, 0x0a, 0xa9, 0xd0, 0x65, 0x0b, 0x85, 0x0b, 0xa2,
	0x00, 0xa0, 0x03, 0xb1, 0x02, 0xa0, 0x32, 0x20, 0xc1, 0x48, 0xa0, 0x00,
	0x91, 0x0a, 0xa0, 0x02, 0x20, 0x86, 0x49, 0xc9, 0x00, 0x8a, 0xe9, 0x01,
	0x90, 0x0a, 0xa0, 0x00, 0xb1, 0x02, 0x0d, 0x10, 0xd0, 0x4c, 0x8c, 0x29,
	0xa0, 0x00, 0xb1, 0x02, 0x49, 0xff, 0x2d, 0x10, 0xd0, 0x8d, 0x10, 0xd0,
	0xb1, 0x02, 0x0d, 0x15, 0xd0, 0x8d, 0x15, 0xd0, 0x4c, 0xfb, 0x48, 0x20,
	0xb6, 0x4a, 0xa0, 0x00, 0xb1, 0x02, 0xa8, 0xa9, 0x01, 0xa2, 0x00, 0x20,
	0x05, 0x4b, 0x49, 0xff, 0x2d, 0x15, 0xd0, 0x8d, 0x15, 0xd0, 0x4c, 0xca,
	0x48, 0x20, 0xb6, 0x4a, 0xa0, 0x00, 0xb1, 0x02, 0xf0, 0x02, 0xa9, 0xff,
	0x8d, 0x87, 0x56, 0x4c, 0xca, 0x48, 0x20, 0xb6, 0x4a, 0xa0, 0x05, 0x20,
	0xe4, 0x4a, 0xa0, 0x03, 0xb1, 0x02, 0x20, 0xb6, 0x4a, 0xa0, 0x03, 0xb1,
	0x02, 0x20, 0xd9, 0x2b, 0x20, 0x24, 0x2c, 0x4c, 0xec, 0x48, 0x20, 0xcc,
	0x4a, 0x20, 0x1d, 0x48, 0x4c, 0x15, 0x2a, 0xa0, 0x07, 0x20, 0xe4, 0x4a,
	0xa0, 0x05, 0xb1, 0x02, 0x20, 0xb6, 0x4a, 0xa0, 0x03, 0xb1, 0x02, 0x20,
	0xd9, 0x2b, 0x20, 0x24, 0x2c, 0xa0, 0x05, 0x20, 0x86, 0x49, 0xc9, 0x38,
	0x8a, 0xe9, 0x01, 0xb0, 0x24, 0xa0, 0x04, 0xa2, 0x00, 0xa9, 0x08, 0x20,
	0x40, 0x47, 0xa0, 0x02, 0x20, 0x86, 0x49, 0x85, 0x06, 0x86, 0x07, 0x20,
	0xa2, 0x48, 0xa0, 0x01, 0x20, 0x7d, 0x4b, 0xa0, 0x00, 0xb1, 0x06, 0x91,
	0x02, 0xc9, 0x00, 0xd0, 0xba, 0x4c, 0xf6, 0x48, 0x20, 0xb6, 0x4a, 0x20,
	0x1d, 0x48, 0xa9, 0x00, 0x20, 0xb6, 0x4a, 0x4c, 0x97, 0x2a, 0xa0, 0x04,
	0x20, 0x86, 0x49, 0x85, 0x0a, 0x86, 0x0b, 0xa0, 0x00, 0xb1, 0x0a, 0xc8,
	0x91, 0x02, 0xb1, 0x02, 0xf0, 0x0c, 0xa0, 0x03, 0xa2, 0x00, 0xa9, 0x01,
	0x20, 0x40, 0x47, 0x4c, 0x65, 0x2a, 0xa9, 0x20, 0x91, 0x02, 0xa0, 0x00,
	0xb1, 0x02, 0xa2, 0x00, 0x20, 0x70, 0x47, 0x18, 0xa0, 0x06, 0x71, 0x02,
	0x48, 0x8a, 0xc8, 0x71, 0x02, 0xaa, 0x68, 0x20, 0xcc, 0x4a, 0xa0, 0x07,
	0xb1, 0x02, 0x20, 0xb6, 0x4a, 0xa0, 0x04, 0xb1, 0x02, 0x20, 0xd9, 0x2b,
	0x20, 0x24, 0x2c, 0xa0, 0x00, 0x18, 0xa9, 0x01, 0x71, 0x02, 0x91, 0x02,
	0xa0, 0x00, 0xb1, 0x02, 0xa0, 0x02, 0xd1, 0x02, 0x90, 0xa0, 0x4c, 0x00,
	0x49, 0x20, 0xb6, 0x4a, 0x20, 0x5a, 0x48, 0xa0, 0x06, 0xb1, 0x02, 0x20,
	0xb6, 0x4a, 0x4c, 0xe5, 0x2a, 0xa9, 0x01, 0x20, 0x8d, 0x49, 0x18, 0x71,
	0x02, 0x90, 0x01, 0xe8, 0x20, 0xcc, 0x4a, 0xa0, 0x0d, 0x20, 0xe4, 0x4a,
	0xa9, 0x0a, 0x20, 0x22, 0x4c, 0xa0, 0x30, 0x20, 0xc1, 0x48, 0xa0, 0x00,
	0x20, 0x65, 0x4b, 0xa0, 0x0b, 0x20, 0xe4, 0x4a, 0xa9, 0x0a, 0x20, 0xd3,
	0x4b, 0xa0, 0x08, 0x20, 0x7d, 0x4b, 0xa0, 0x00, 0xb1, 0x02, 0x48, 0x38,
	0xe9, 0x01, 0x91, 0x02, 0x68, 0xd0, 0xc2, 0x91, 0x02, 0xa2, 0x00, 0xb1,
	0x02, 0xa0, 0x07, 0xd1, 0x02, 0xb0, 0x40, 0xa1, 0x02, 0x20, 0x70, 0x47,
	0x18, 0xa0, 0x0b, 0x71, 0x02, 0x48, 0x8a, 0xc8, 0x71, 0x02, 0xaa, 0x68,
	0x20, 0xcc, 0x4a, 0xa0, 0x0c, 0xb1, 0x02, 0x20, 0xb6, 0x4a, 0xa9, 0x04,
	0x20, 0x8d, 0x49, 0xa0, 0x03, 0x18, 0x71, 0x02, 0x90, 0x01, 0xe8, 0x85,
	0x0a, 0x86, 0x0b, 0xa0, 0x00, 0xb1, 0x0a, 0x20, 0xd9, 0x2b, 0x20, 0x24,
	0x2c, 0xa0, 0x00, 0x18, 0xa9, 0x01, 0x71, 0x02, 0x4c, 0xf2, 0x2a, 0xa0,
	0x0d, 0x4c, 0x50, 0x47, 0x20, 0x1d, 0x48, 0xa9, 0x00, 0xa8, 0x91, 0x02,
	0xc9, 0x51, 0xb0, 0x2d, 0xa2, 0xc9, 0xa9, 0x80, 0x18, 0x71, 0x02, 0x90,
	0x01, 0xe8, 0x20, 0xcc, 0x4a, 0xa0, 0x02, 0xb1, 0x02, 0xa2, 0x00, 0x20,
	0x82, 0x4a, 0x20, 0xcc, 0x4a, 0xa9, 0x05, 0x20, 0xd3, 0x4b, 0xa0, 0x00,
	0x20, 0x65, 0x4b, 0xa0, 0x00, 0x18, 0xa9, 0x01, 0x71, 0x02, 0x4c, 0x49,
	0x2b, 0x4c, 0xca, 0x48, 0x20, 0xb6, 0x4a, 0xa0, 0x02, 0x20, 0x86, 0x49,
	0xa0, 0x18, 0x20, 0xc1, 0x48, 0x20, 0xcc, 0x4a, 0xa2, 0xd0, 0xa9, 0x00,
	0x85, 0x0a, 0x86, 0x0b, 0xa8, 0xb1, 0x02, 0x91, 0x0a, 0x20, 0x84, 0x49,
	0xc9, 0x00, 0x8a, 0xe9, 0x01, 0x90, 0x08, 0xad, 0x10, 0xd0, 0x09, 0x01,
	0x4c, 0xb3, 0x2b, 0xad, 0x10, 0xd0, 0x29, 0xfe, 0x8d, 0x10, 0xd0, 0xa2,
	0x00, 0xa0, 0x02, 0xb1, 0x02, 0xa0, 0x32, 0x20, 0xc1, 0x48, 0xa0, 0x01,
	0x91, 0x0a, 0xad, 0x15, 0xd0, 0x09, 0x01, 0x8d, 0x15, 0xd0, 0x4c, 0xf1,
	0x48, 0xad, 0x15, 0xd0, 0x29, 0xfe, 0x8d, 0x15, 0xd0, 0x60, 0x20, 0xb6,
	0x4a, 0xa0, 0x00, 0xb1, 0x02, 0xc9, 0xc1, 0x90, 0x12, 0xc9, 0xdb, 0xb0,
	0x0e, 0xa2, 0x00, 0xb1, 0x02, 0xa0, 0xc0, 0x20, 0x14, 0x48, 0xa2, 0x00,
	0x4c, 0xca, 0x48, 0xb1, 0x02, 0xc9, 0x41, 0x90, 0x12, 0xc9, 0x5b, 0xb0,
	0x0e, 0xa2, 0x00, 0xb1, 0x02, 0xa0, 0x40, 0x20, 0x14, 0x48, 0xa2, 0x00,
	0x4c, 0xca, 0x48, 0xb1, 0x02, 0xc9, 0x20, 0xa2, 0x00, 0x90, 0x09, 0xb1,
	0x02, 0xc9, 0x40, 0xb0, 0x03, 0x4c, 0xca, 0x48, 0xa9, 0x20, 0x4c, 0xca,
	0x48, 0x20, 0xb6, 0x4a, 0xa0, 0x03, 0x20, 0x86, 0x49, 0xc9, 0x39, 0x8a,
	0xe9, 0x01, 0xb0, 0x23, 0xa0, 0x01, 0xb1, 0x02, 0xc9, 0xc1, 0xb0, 0x1b,
	0xa0, 0x03, 0x20, 0x86, 0x49, 0x8d, 0x80, 0x56, 0x8e, 0x81, 0x56, 0xa0,
	0x01, 0xb1, 0x02, 0x8d, 0x84, 0x56, 0x88, 0xb1, 0x02, 0x8d, 0x86, 0x56,
	0x20, 0x64, 0x46, 0x4c, 0xec, 0x48, 0x20, 0xb6, 0x4a, 0x20, 0x33, 0x48,
	0xa2, 0x00, 0x8a, 0x20, 0x7b, 0x4b, 0xa0, 0x01, 0xb1, 0x02, 0xc9, 0x00,
	0xd0, 0x05, 0x88, 0xb1, 0x02, 0xc9, 0x28, 0xb0, 0x38, 0xa0, 0x03, 0xb1,
	0x02, 0x20, 0x09, 0x39, 0x20, 0xcc, 0x4a, 0xa9, 0x04, 0x20, 0x8d, 0x49,
	0x20, 0xcc, 0x4a, 0xa9, 0x01, 0x20, 0x12, 0x30, 0xaa, 0xf0, 0x0f, 0xa0,
	0x02, 0xb1, 0x02, 0xa2, 0x00, 0x29, 0x80, 0xd0, 0x05, 0xb1, 0x02, 0x4c,
	0xec, 0x48, 0xa9, 0x1e, 0x20, 0xd8, 0x2c, 0xa2, 0x00, 0xa9, 0x01, 0x20,
	0x3e, 0x47, 0x4c, 0x65, 0x2c, 0xa2, 0x00, 0xa9, 0xff, 0x4c, 0xec, 0x48,
	0x20, 0xb6, 0x4a, 0x4c, 0xc7, 0x2c, 0xad, 0x12, 0xd0, 0xc9, 0xfa, 0xd0,
	0xf9, 0xad, 0x12, 0xd0, 0xc9, 0xfa, 0xf0, 0xf9, 0xa0, 0x00, 0xb1, 0x02,
	0x48, 0x38, 0xe9, 0x01, 0x91, 0x02, 0x68, 0xaa, 0xd0, 0xe4, 0x4c, 0xca,
	0x48, 0x20, 0xcc, 0x4a, 0x4c, 0xec, 0x2c, 0xad, 0x12, 0xd0, 0xc9, 0xfa,
	0xd0, 0xf9, 0xad, 0x12, 0xd0, 0xc9, 0xfa, 0xf0, 0xf9, 0x20, 0x84, 0x49,
	0x85, 0x06, 0x86, 0x07, 0x20, 0x06, 0x48, 0x20, 0x7b, 0x4b, 0xa5, 0x06,
	0x05, 0x07, 0xd0, 0xdf, 0x4c, 0xd9, 0x48, 0x20, 0xb6, 0x4a, 0x20, 0x1d,
	0x48, 0xa9, 0x00, 0x85, 0x90, 0xa0, 0x01, 0xb1, 0x02, 0x20, 0xb1, 0xff,
	0xa9, 0x6f, 0x20, 0x93, 0xff, 0x20, 0xae, 0xff, 0xa5, 0x90, 0xa0, 0x00,
	0x91, 0x02, 0x84, 0x90, 0xb1, 0x02, 0x29, 0x80, 0xf0, 0x06, 0xa2, 0x00,
	0x8a, 0x4c, 0xd9, 0x48, 0xa9, 0x01, 0xa2, 0x00, 0x4c, 0xd9, 0x48, 0x20,
	0xb6, 0x4a, 0x20, 0x7d, 0x2d, 0xa0, 0x00, 0xb1, 0x02, 0x8d, 0x99, 0x55,
	0xb1, 0x02, 0x20, 0x02, 0x2d, 0xaa, 0xd0, 0x03, 0x4c, 0xca, 0x48, 0xa9,
	0x0f, 0x20, 0xb6, 0x4a, 0xa0, 0x01, 0xb1, 0x02, 0x20, 0xb6, 0x4a, 0xa9,
	0x0f, 0x20, 0xc2, 0x47, 0xa9, 0xa2, 0xa2, 0x52, 0x20, 0xd0, 0x47, 0x20,
	0xb3, 0x47, 0xc9, 0x00, 0xf0, 0x06, 0xa2, 0x00, 0x8a, 0x4c, 0xca, 0x48,
	0xa9, 0x01, 0x8d, 0x9a, 0x55, 0xa2, 0x00, 0x4c, 0xca, 0x48, 0x20, 0xcc,
	0xff, 0xad, 0x9b, 0x55, 0xf0, 0x0a, 0xa9, 0x02, 0x20, 0xa9, 0x47, 0xa9,
	0x00, 0x8d, 0x9b, 0x55, 0xad, 0x9a, 0x55, 0xf0, 0x0a, 0xa9, 0x0f, 0x20,
	0xa9, 0x47, 0xa9, 0x00, 0x8d, 0x9a, 0x55, 0x60, 0x20, 0xcc, 0x4a, 0xa0,
	0x28, 0x20, 0xc6, 0x4b, 0xa9, 0x00, 0x20, 0xb6, 0x4a, 0x20, 0x1d, 0x48,
	0x4c, 0xec, 0x2d, 0xa0, 0x00, 0xb1, 0x02, 0xc9, 0xc1, 0x90, 0x11, 0xc9,
	0xdb, 0xb0, 0x0d, 0xa2, 0x00, 0xb1, 0x02, 0xa0, 0x80, 0x20, 0x14, 0x48,
	0xa0, 0x00, 0x91, 0x02, 0xc8, 0xa2, 0x00, 0xb1, 0x02, 0x48, 0x18, 0x69,
	0x01, 0x91, 0x02, 0x68, 0x18, 0x69, 0x02, 0x90, 0x02, 0xe8, 0x18, 0x65,
	0x02, 0x85, 0x0a, 0x8a, 0x65, 0x03, 0x85, 0x0b, 0x88, 0xb1, 0x02, 0x91,
	0x0a, 0xa0, 0x2b, 0x20, 0x86, 0x49, 0x85, 0x06, 0x86, 0x07, 0x20, 0xa2,
	0x48, 0xa0, 0x2a, 0x20, 0x7d, 0x4b, 0xa0, 0x00, 0xb1, 0x06, 0x91, 0x02,
	0xc9, 0x00, 0xf0, 0x07, 0xc8, 0xb1, 0x02, 0xc9, 0x28, 0x90, 0xa4, 0xa9,
	0x02, 0x20, 0x8d, 0x49, 0x20, 0xcc, 0x4a, 0xa0, 0x03, 0xb1, 0x02, 0x20,
	0x22, 0x2e, 0xa0, 0x2c, 0x4c, 0x50, 0x47, 0x20, 0xb6, 0x4a, 0xa9, 0x0f,
	0x20, 0x9f, 0x47, 0xc9, 0x00, 0xf0, 0x1b, 0x4c, 0x57, 0x2e, 0xa0, 0x02,
	0x20, 0x86, 0x49, 0x85, 0x06, 0x86, 0x07, 0x20, 0xa2, 0x48, 0xa0, 0x01,
	0x20, 0x7d, 0x4b, 0xa0, 0x00, 0xb1, 0x06, 0x20, 0xd2, 0xff, 0xa0, 0x00,
	0xb1, 0x02, 0x48, 0x38, 0xe9, 0x01, 0x91, 0x02, 0x68, 0xaa, 0xd0, 0xda,
	0x20, 0xcc, 0xff, 0x4c, 0xe7, 0x48, 0xa9, 0x00, 0x20, 0xb6, 0x4a, 0x20,
	0x33, 0x48, 0xa9, 0x00, 0x8d, 0x4a, 0x56, 0x8d, 0x72, 0x56, 0x8d, 0x73,
	0x56, 0xa9, 0x0f, 0x20, 0x95, 0x47, 0xc9, 0x00, 0xf0, 0x0a, 0x20, 0xcc,
	0xff, 0xa2, 0x00, 0xa9, 0xff, 0x4c, 0xec, 0x48, 0xa8, 0x91, 0x02, 0xc9,
	0x02, 0xb0, 0x56, 0x98, 0xa0, 0x03, 0x91, 0x02, 0x20, 0x8f, 0x47, 0xa0,
	0x02, 0x91, 0x02, 0x20, 0xbc, 0x47, 0xc9, 0x00, 0xd0, 0x2b, 0xa0, 0x02,
	0xb1, 0x02, 0xc9, 0x0d, 0xf0, 0x23, 0xc8, 0xb1, 0x02, 0xc9, 0x27, 0xb0,
	0xe3, 0x48, 0x18, 0x69, 0x01, 0x91, 0x02, 0x68, 0x18, 0x69, 0x4a, 0x85,
	0x0a, 0xa9, 0x00, 0x69, 0x56, 0x85, 0x0b, 0x88, 0xb1, 0x02, 0xa0, 0x00,
	0x91, 0x0a, 0x4c, 0x8f, 0x2e, 0xa0, 0x03, 0xb1, 0x02, 0xc9, 0x02, 0xb0,
	0x12, 0x20, 0xbc, 0x47, 0xc9, 0x00, 0xd0, 0x09, 0xa8, 0x18, 0xa9, 0x01,
	0x71, 0x02, 0x4c, 0x84, 0x2e, 0xa0, 0x03, 0xb1, 0x02, 0xa8, 0xa9, 0x00,
	0x99, 0x4a, 0x56, 0x20, 0xcc, 0xff, 0xa0, 0x03, 0xa2, 0x00, 0xb1, 0x02,
	0xc9, 0x02, 0xb0, 0x05, 0xa9, 0xff, 0x4c, 0xec, 0x48, 0xad, 0x4a, 0x56,
	0xa0, 0x30, 0x20, 0x14, 0x48, 0x20, 0x44, 0x4a, 0x85, 0x0a, 0x86, 0x0b,
	0xa2, 0x00, 0xad, 0x4b, 0x56, 0x20, 0x14, 0x48, 0x18, 0x65, 0x0a, 0x48,
	0x8a, 0x65, 0x0b, 0x68, 0xa0, 0x01, 0x91, 0x02, 0xa9, 0x00, 0x20, 0xb6,
	0x4a, 0x20, 0x1d, 0x48, 0xa8, 0x91, 0x02, 0xa2, 0x00, 0xb1, 0x02, 0xa0,
	0x05, 0xd1, 0x02, 0x90, 0x03, 0x4c, 0x08, 0x30, 0xa1, 0x02, 0xa8, 0xb9,
	0x4a, 0x56, 0xc9, 0x2c, 0xf0, 0x03, 0x4c, 0xfe, 0x2f, 0xa0, 0x01, 0x18,
	0x98, 0x71, 0x02, 0x91, 0x02, 0xc9, 0x02, 0xd0, 0x54, 0xa1, 0x02, 0x20,
	0xa9, 0x48, 0xa0, 0x05, 0xd1, 0x02, 0x8a, 0xe9, 0x00, 0xb0, 0x44, 0xa2,
	0x00, 0xa1, 0x02, 0x20, 0xa2, 0x48, 0x85, 0x0a, 0x8a, 0x18, 0x69, 0x56,
	0x85, 0x0b, 0xa0, 0x4a, 0xa2, 0x00, 0xb1, 0x0a, 0xa0, 0x30, 0x20, 0x14,
	0x48, 0x20, 0x44, 0x4a, 0x85, 0x04, 0x86, 0x05, 0xa2, 0x00, 0xa1, 0x02,
	0x20, 0xa9, 0x48, 0x85, 0x0a, 0x8a, 0x18, 0x69, 0x56, 0x85, 0x0b, 0xa0,
	0x4a, 0xa2, 0x00, 0xb1, 0x0a, 0xa0, 0x30, 0x20, 0x14, 0x48, 0x18, 0x65,
	0x04, 0x8d, 0x72, 0x56, 0x8a, 0x65, 0x05, 0xa0, 0x01, 0xb1, 0x02, 0xc9,
	0x03, 0xd0, 0x54, 0xa2, 0x00, 0xa1, 0x02, 0x20, 0xa9, 0x48, 0xa0, 0x05,
	0xd1, 0x02, 0x8a, 0xe9, 0x00, 0xb0, 0x44, 0xa2, 0x00, 0xa1, 0x02, 0x20,
	0xa2, 0x48, 0x85, 0x0a, 0x8a, 0x18, 0x69, 0x56, 0x85, 0x0b, 0xa0, 0x4a,
	0xa2, 0x00, 0xb1, 0x0a, 0xa0, 0x30, 0x20, 0x14, 0x48, 0x20, 0x44, 0x4a,
	0x85, 0x04, 0x86, 0x05, 0xa2, 0x00, 0xa1, 0x02, 0x20, 0xa9, 0x48, 0x85,
	0x0a, 0x8a, 0x18, 0x69, 0x56, 0x85, 0x0b, 0xa0, 0x4a, 0xa2, 0x00, 0xb1,
	0x0a, 0xa0, 0x30, 0x20, 0x14, 0x48, 0x18, 0x65, 0x04, 0x8d, 0x73, 0x56,
	0x8a, 0x65, 0x05, 0xa0, 0x00, 0x18, 0xa9, 0x01, 0x71, 0x02, 0x4c, 0x28,
	0x2f, 0x20, 0xd9, 0x48, 0xa0, 0x01, 0xb1, 0x02, 0x4c, 0xec, 0x48, 0x20,
	0xb6, 0x4a, 0x20, 0x67, 0x48, 0xa9, 0x4d, 0xa0, 0x01, 0x91, 0x02, 0xa9,
	0x2d, 0xc8, 0x91, 0x02, 0xa9, 0x52, 0xc8, 0x91, 0x02, 0xa0, 0x0a, 0xb1,
	0x02, 0xa0, 0x04, 0x91, 0x02, 0xa0, 0x0b, 0xb1, 0x02, 0xa0, 0x05, 0x91,
	0x02, 0xa0, 0x07, 0xb1, 0x02, 0x88, 0x91, 0x02, 0xa9, 0x01, 0x20, 0x8d,
	0x49, 0x20, 0xcc, 0x4a, 0xa9, 0x06, 0x20, 0x22, 0x2e, 0xa9, 0x0f, 0x20,
	0x95, 0x47, 0xc9, 0x00, 0xf0, 0x09, 0x20, 0xcc, 0xff, 0xa2, 0x00, 0x8a,
	0x4c, 0xa3, 0x30, 0xa8, 0x91, 0x02, 0xa2, 0x00, 0xb1, 0x02, 0xa0, 0x07,
	0xd1, 0x02, 0xb0, 0x31, 0xa1, 0x02, 0x18, 0xc8, 0x71, 0x02, 0x48, 0x8a,
	0xc8, 0x71, 0x02, 0xaa, 0x68, 0x20, 0xcc, 0x4a, 0x20, 0x8f, 0x47, 0xa0,
	0x00, 0x20, 0x65, 0x4b, 0x20, 0xbc, 0x47, 0xc9, 0x00, 0xf0, 0x09, 0x20,
	0xcc, 0xff, 0xa2, 0x00, 0x8a, 0x4c, 0xa3, 0x30, 0xa8, 0x18, 0xa9, 0x01,
	0x71, 0x02, 0x4c, 0x5f, 0x30, 0x20, 0xcc, 0xff, 0xa2, 0x00, 0xa9, 0x01,
	0xa0, 0x0c, 0x4c, 0x50, 0x47, 0x20, 0xb6, 0x4a, 0xa0, 0x25, 0x20, 0xc6,
	0x4b, 0xa0, 0x25, 0xb1, 0x02, 0xc9, 0x21, 0x90, 0x04, 0xa9, 0x20, 0x91,
	0x02, 0xa9, 0x4d, 0xa0, 0x01, 0x91, 0x02, 0xa9, 0x2d, 0xc8, 0x91, 0x02,
	0xa9, 0x57, 0xc8, 0x91, 0x02, 0xa0, 0x28, 0xb1, 0x02, 0xa0, 0x04, 0x91,
	0x02, 0xa0, 0x29, 0xb1, 0x02, 0xa0, 0x05, 0x91, 0x02, 0xa0, 0x25, 0xb1,
	0x02, 0xa0, 0x06, 0x91, 0x02, 0xa9, 0x00, 0xa8, 0x91, 0x02, 0xa2, 0x00,
	0xb1, 0x02, 0xa0, 0x25, 0xd1, 0x02, 0xb0, 0x36, 0xa1, 0x02, 0x20, 0xb5,
	0x48, 0x18, 0x69, 0x01, 0x90, 0x02, 0xe8, 0x18, 0x65, 0x02, 0xa8, 0x8a,
	0x65, 0x03, 0xaa, 0x98, 0x20, 0xcc, 0x4a, 0xa0, 0x29, 0x20, 0x86, 0x49,
	0x85, 0x0a, 0x86, 0x0b, 0xa0, 0x02, 0xb1, 0x02, 0xa8, 0xb1, 0x0a, 0xa0,
	0x00, 0x20, 0x65, 0x4b, 0xa0, 0x00, 0x18, 0xa9, 0x01, 0x71, 0x02, 0x4c,
	0xe7, 0x30, 0xa9, 0x01, 0x20, 0x8d, 0x49, 0x20, 0xcc, 0x4a, 0xa0, 0x27,
	0xb1, 0x02, 0x18, 0x69, 0x06, 0x20, 0x22, 0x2e, 0xa0, 0x2a, 0x4c, 0x50,
	0x47, 0x20, 0xb6, 0x4a, 0xa0, 0x04, 0x20, 0xe4, 0x4a, 0xa9, 0x02, 0x20,
	0x8d, 0x49, 0x20, 0xcc, 0x4a, 0xa9, 0x01, 0x20, 0xa8, 0x30, 0x4c, 0xe7,
	0x48, 0x20, 0xcc, 0x4a, 0xa0, 0x17, 0x20, 0xc6, 0x4b, 0xa9, 0x02, 0x20,
	0xb6, 0x4a, 0xad, 0x99, 0x55, 0x20, 0xb6, 0x4a, 0xa9, 0x02, 0x20, 0xc2,
	0x47, 0xa9, 0xd2, 0xa2, 0x52, 0x20, 0xd0, 0x47, 0x20, 0xb3, 0x47, 0xc9,
	0x00, 0xf0, 0x07, 0xa2, 0x00, 0xa9, 0xff, 0x4c, 0x70, 0x33, 0xa9, 0x01,
	0x8d, 0x9b, 0x55, 0xa9, 0x00, 0xa0, 0x02, 0x91, 0x02, 0xaa, 0xb1, 0x02,
	0x48, 0x18, 0x69, 0x01, 0x91, 0x02, 0x68, 0x18, 0x69, 0x03, 0x90, 0x02,
	0xe8, 0x18, 0x65, 0x02, 0x85, 0x0a, 0x8a, 0x65, 0x03, 0x85, 0x0b, 0xa9,
	0x55, 0xa0, 0x00, 0x91, 0x0a, 0xa0, 0x02, 0xa2, 0x00, 0xb1, 0x02, 0x48,
	0x18, 0x69, 0x01, 0x91, 0x02, 0x68, 0x18, 0x69, 0x03, 0x90, 0x02, 0xe8,
	0x18, 0x65, 0x02, 0x85, 0x0a, 0x8a, 0x65, 0x03, 0x85, 0x0b, 0xa9, 0x31,
	0xa0, 0x00, 0x91, 0x0a, 0xa0, 0x02, 0xa2, 0x00, 0xb1, 0x02, 0x48, 0x18,
	0x69, 0x01, 0x91, 0x02, 0x68, 0x18, 0x69, 0x03, 0x90, 0x02, 0xe8, 0x18,
	0x65, 0x02, 0x85, 0x0a, 0x8a, 0x65, 0x03, 0x85, 0x0b, 0xa9, 0x3a, 0xa0,
	0x00, 0x91, 0x0a, 0xa9, 0x03, 0x20, 0x8d, 0x49, 0x85, 0x0a, 0x86, 0x0b,
	0xa0, 0x02, 0xb1, 0x02, 0x18, 0x65, 0x0a, 0xa6, 0x0b, 0x90, 0x01, 0xe8,
	0x20, 0xcc, 0x4a, 0xa9, 0x02, 0x20, 0x55, 0x38, 0xa0, 0x02, 0x18, 0x71,
	0x02, 0x91, 0x02, 0xa2, 0x00, 0xb1, 0x02, 0x48, 0x18, 0x69, 0x01, 0x91,
	0x02, 0x68, 0x18, 0x69, 0x03, 0x90, 0x02, 0xe8, 0x18, 0x65, 0x02, 0x85,
	0x0a, 0x8a, 0x65, 0x03, 0x85, 0x0b, 0xa9, 0x20, 0xa0, 0x00, 0x91, 0x0a,
	0xa9, 0x03, 0x20, 0x8d, 0x49, 0x85, 0x0a, 0x86, 0x0b, 0xa0, 0x02, 0xb1,
	0x02, 0x18, 0x65, 0x0a, 0xa6, 0x0b, 0x90, 0x01, 0xe8, 0x20, 0xcc, 0x4a,
	0xa9, 0x00, 0x20, 0x55, 0x38, 0xa0, 0x02, 0x18, 0x71, 0x02, 0x91, 0x02,
	0xa2, 0x00, 0xb1, 0x02, 0x48, 0x18, 0x69, 0x01, 0x91, 0x02, 0x68, 0x18,
	0x69, 0x03, 0x90, 0x02, 0xe8, 0x18, 0x65, 0x02, 0x85, 0x0a, 0x8a, 0x65,
	0x03, 0x85, 0x0b, 0xa9, 0x20, 0xa0, 0x00, 0x91, 0x0a, 0xa9, 0x03, 0x20,
	0x8d, 0x49, 0x85, 0x0a, 0x86, 0x0b, 0xa0, 0x02, 0xb1, 0x02, 0x18, 0x65,
	0x0a, 0xa6, 0x0b, 0x90, 0x01, 0xe8, 0x20, 0xcc, 0x4a, 0xa0, 0x1c, 0xb1,
	0x02, 0x20, 0x55, 0x38, 0xa0, 0x02, 0x18, 0x71, 0x02, 0x91, 0x02, 0xa2,
	0x00, 0xb1, 0x02, 0x48, 0x18, 0x69, 0x01, 0x91, 0x02, 0x68, 0x18, 0x69,
	0x03, 0x90, 0x02, 0xe8, 0x18, 0x65, 0x02, 0x85, 0x0a, 0x8a, 0x65, 0x03,
	0x85, 0x0b, 0xa9, 0x20, 0xa0, 0x00, 0x91, 0x0a, 0xa9, 0x03, 0x20, 0x8d,
	0x49, 0x85, 0x0a, 0x86, 0x0b, 0xa0, 0x02, 0xb1, 0x02, 0x18, 0x65, 0x0a,
	0xa6, 0x0b, 0x90, 0x01, 0xe8, 0x20, 0xcc, 0x4a, 0xa0, 0x1b, 0xb1, 0x02,
	0x20, 0x55, 0x38, 0xa0, 0x02, 0x18, 0x71, 0x02, 0x91, 0x02, 0xa9, 0x03,
	0x20, 0x8d, 0x49, 0x20, 0xcc, 0x4a, 0xa0, 0x04, 0xb1, 0x02, 0x20, 0x22,
	0x2e, 0x20, 0x5d, 0x2e, 0xa0, 0x02, 0x91, 0x02, 0xb1, 0x02, 0xf0, 0x11,
	0x98, 0x20, 0xa9, 0x47, 0xa9, 0x00, 0x8d, 0x9b, 0x55, 0xa0, 0x02, 0xaa,
	0xb1, 0x02, 0x4c, 0x70, 0x33, 0x98, 0x20, 0x95, 0x47, 0xc9, 0x00, 0xf0,
	0x13, 0x20, 0xcc, 0xff, 0xa9, 0x02, 0x20, 0xa9, 0x47, 0xa9, 0x00, 0x8d,
	0x9b, 0x55, 0xaa, 0xa9, 0xff, 0x4c, 0x70, 0x33, 0xaa, 0x20, 0x7b, 0x4b,
	0x20, 0x84, 0x49, 0xe0, 0x01, 0xb0, 0x24, 0x20, 0x84, 0x49, 0x18, 0xa0,
	0x17, 0x71, 0x02, 0x48, 0x8a, 0xc8, 0x71, 0x02, 0xaa, 0x68, 0x20, 0xcc,
	0x4a, 0x20, 0x8f, 0x47, 0xa0, 0x00, 0x20, 0x65, 0x4b, 0xa2, 0x00, 0xa9,
	0x01, 0x20, 0x3e, 0x47, 0x4c, 0x37, 0x33, 0x20, 0xcc, 0xff, 0xa9, 0x02,
	0x20, 0xa9, 0x47, 0xa9, 0x00, 0x8d, 0x9b, 0x55, 0xaa, 0xa0, 0x1b, 0x4c,
	0x50, 0x47, 0x20, 0xcc, 0x4a, 0xa0, 0x17, 0x20, 0xc6, 0x4b, 0xa9, 0x02,
	0x20, 0xb6, 0x4a, 0xad, 0x99, 0x55, 0x20, 0xb6, 0x4a, 0xa9, 0x02, 0x20,
	0xc2, 0x47, 0xa9, 0xd2, 0xa2, 0x52, 0x20, 0xd0, 0x47, 0x20, 0xb3, 0x47,
	0xc9, 0x00, 0xf0, 0x07, 0xa2, 0x00, 0xa9, 0xff, 0x4c, 0x80, 0x36, 0xa9,
	0x01, 0x8d, 0x9b, 0x55, 0xa9, 0x00, 0xa0, 0x02, 0x91, 0x02, 0xaa, 0xb1,
	0x02, 0x48, 0x18, 0x69, 0x01, 0x91, 0x02, 0x68, 0x18, 0x69, 0x03, 0x90,
	0x02, 0xe8, 0x18, 0x65, 0x02, 0x85, 0x0a, 0x8a, 0x65, 0x03, 0x85, 0x0b,
	0xa9, 0x42, 0xa0, 0x00, 0x91, 0x0a, 0xa0, 0x02, 0xa2, 0x00, 0xb1, 0x02,
	0x48, 0x18, 0x69, 0x01, 0x91, 0x02, 0x68, 0x18, 0x69, 0x03, 0x90, 0x02,
	0xe8, 0x18, 0x65, 0x02, 0x85, 0x0a, 0x8a, 0x65, 0x03, 0x85, 0x0b, 0xa9,
	0x2d, 0xa0, 0x00, 0x91, 0x0a, 0xa0, 0x02, 0xa2, 0x00, 0xb1, 0x02, 0x48,
	0x18, 0x69, 0x01, 0x91, 0x02, 0x68, 0x18, 0x69, 0x03, 0x90, 0x02, 0xe8,
	0x18, 0x65, 0x02, 0x85, 0x0a, 0x8a, 0x65, 0x03, 0x85, 0x0b, 0xa9, 0x50,
	0xa0, 0x00, 0x91, 0x0a, 0xa0, 0x02, 0xa2, 0x00, 0xb1, 0x02, 0x48, 0x18,
	0x69, 0x01, 0x91, 0x02, 0x68, 0x18, 0x69, 0x03, 0x90, 0x02, 0xe8, 0x18,
	0x65, 0x02, 0x85, 0x0a, 0x8a, 0x65, 0x03, 0x85, 0x0b, 0xa9, 0x3a, 0xa0,
	0x00, 0x91, 0x0a, 0xa9, 0x03, 0x20, 0x8d, 0x49, 0x85, 0x0a, 0x86, 0x0b,
	0xa0, 0x02, 0xb1, 0x02, 0x18, 0x65, 0x0a, 0xa6, 0x0b, 0x90, 0x01, 0xe8,
	0x20, 0xcc, 0x4a, 0xa9, 0x02, 0x20, 0x55, 0x38, 0xa0, 0x02, 0x18, 0x71,
	0x02, 0x91, 0x02, 0xa2, 0x00, 0xb1, 0x02, 0x48, 0x18, 0x69, 0x01, 0x91,
	0x02, 0x68, 0x18, 0x69, 0x03, 0x90, 0x02, 0xe8, 0x18, 0x65, 0x02, 0x85,
	0x0a, 0x8a, 0x65, 0x03, 0x85, 0x0b, 0xa9, 0x20, 0xa0, 0x00, 0x91, 0x0a,
	0xa9, 0x03, 0x20, 0x8d, 0x49, 0x85, 0x0a, 0x86, 0x0b, 0xa0, 0x02, 0xb1,
	0x02, 0x18, 0x65, 0x0a, 0xa6, 0x0b, 0x90, 0x01, 0xe8, 0x20, 0xcc, 0x4a,
	0xa9, 0x00, 0x20, 0x55, 0x38, 0xa0, 0x02, 0x18, 0x71, 0x02, 0x91, 0x02,
	0xa9, 0x03, 0x20, 0x8d, 0x49, 0x20, 0xcc, 0x4a, 0xa0, 0x04, 0xb1, 0x02,
	0x20, 0x22, 0x2e, 0xa9, 0x02, 0x20, 0x9f, 0x47, 0xc9, 0x00, 0xf0, 0x13,
	0x20, 0xcc, 0xff, 0xa9, 0x02, 0x20, 0xa9, 0x47, 0xa9, 0x00, 0x8d, 0x9b,
	0x55, 0xaa, 0xa9, 0xff, 0x4c, 0x80, 0x36, 0xaa, 0x20, 0x7b, 0x4b, 0x20,
	0x84, 0x49, 0xe0, 0x01, 0xb0, 0x21, 0x20, 0x84, 0x49, 0x18, 0xa0, 0x17,
	0x71, 0x02, 0x85, 0x0a, 0x8a, 0xc8, 0x71, 0x02, 0x85, 0x0b, 0xa0, 0x00,
	0xb1, 0x0a, 0x20, 0xd2, 0xff, 0xa2, 0x00, 0xa9, 0x01, 0x20, 0x3e, 0x47,
	0x4c, 0xce, 0x34, 0x20, 0xcc, 0xff, 0xa9, 0x00, 0xa0, 0x02, 0x91, 0x02,
	0xaa, 0xb1, 0x02, 0x48, 0x18, 0x69, 0x01, 0x91, 0x02, 0x68, 0x18, 0x69,
	0x03, 0x90, 0x02, 0xe8, 0x18, 0x65, 0x02, 0x85, 0x0a, 0x8a, 0x65, 0x03,
	0x85, 0x0b, 0xa9, 0x55, 0xa0, 0x00, 0x91, 0x0a, 0xa0, 0x02, 0xa2, 0x00,
	0xb1, 0x02, 0x48, 0x18, 0x69, 0x01, 0x91, 0x02, 0x68, 0x18, 0x69, 0x03,
	0x90, 0x02, 0xe8, 0x18, 0x65, 0x02, 0x85, 0x0a, 0x8a, 0x65, 0x03, 0x85,
	0x0b, 0xa9, 0x32, 0xa0, 0x00, 0x91, 0x0a, 0xa0, 0x02, 0xa2, 0x00, 0xb1,
	0x02, 0x48, 0x18, 0x69, 0x01, 0x91, 0x02, 0x68, 0x18, 0x69, 0x03, 0x90,
	0x02, 0xe8, 0x18, 0x65, 0x02, 0x85, 0x0a, 0x8a, 0x65, 0x03, 0x85, 0x0b,
	0xa9, 0x3a, 0xa0, 0x00, 0x91, 0x0a, 0xa9, 0x03, 0x20, 0x8d, 0x49, 0x85,
	0x0a, 0x86, 0x0b, 0xa0, 0x02, 0xb1, 0x02, 0x18, 0x65, 0x0a, 0xa6, 0x0b,
	0x90, 0x01, 0xe8, 0x20, 0xcc, 0x4a, 0xa9, 0x02, 0x20, 0x55, 0x38, 0xa0,
	0x02, 0x18, 0x71, 0x02, 0x91, 0x02, 0xa2, 0x00, 0xb1, 0x02, 0x48, 0x18,
	0x69, 0x01, 0x91, 0x02, 0x68, 0x18, 0x69, 0x03, 0x90, 0x02, 0xe8, 0x18,
	0x65, 0x02, 0x85, 0x0a, 0x8a, 0x65, 0x03, 0x85, 0x0b, 0xa9, 0x20, 0xa0,
	0x00, 0x91, 0x0a, 0xa9, 0x03, 0x20, 0x8d, 0x49, 0x85, 0x0a, 0x86, 0x0b,
	0xa0, 0x02, 0xb1, 0x02, 0x18, 0x65, 0x0a, 0xa6, 0x0b, 0x90, 0x01, 0xe8,
	0x20, 0xcc, 0x4a, 0xa9, 0x00, 0x20, 0x55, 0x38, 0xa0, 0x02, 0x18, 0x71,
	0x02, 0x91, 0x02, 0xa2, 0x00, 0xb1, 0x02, 0x48, 0x18, 0x69, 0x01, 0x91,
	0x02, 0x68, 0x18, 0x69, 0x03, 0x90, 0x02, 0xe8, 0x18, 0x65, 0x02, 0x85,
	0x0a, 0x8a, 0x65, 0x03, 0x85, 0x0b, 0xa9, 0x20, 0xa0, 0x00, 0x91, 0x0a,
	0xa9, 0x03, 0x20, 0x8d, 0x49, 0x85, 0x0a, 0x86, 0x0b, 0xa0, 0x02, 0xb1,
	0x02, 0x18, 0x65, 0x0a, 0xa6, 0x0b, 0x90, 0x01, 0xe8, 0x20, 0xcc, 0x4a,
	0xa0, 0x1c, 0xb1, 0x02, 0x20, 0x55, 0x38, 0xa0, 0x02, 0x18, 0x71, 0x02,
	0x91, 0x02, 0xa2, 0x00, 0xb1, 0x02, 0x48, 0x18, 0x69, 0x01, 0x91, 0x02,
	0x68, 0x18, 0x69, 0x03, 0x90, 0x02, 0xe8, 0x18, 0x65, 0x02, 0x85, 0x0a,
	0x8a, 0x65, 0x03, 0x85, 0x0b, 0xa9, 0x20, 0xa0, 0x00, 0x91, 0x0a, 0xa9,
	0x03, 0x20, 0x8d, 0x49, 0x85, 0x0a, 0x86, 0x0b, 0xa0, 0x02, 0xb1, 0x02,
	0x18, 0x65, 0x0a, 0xa6, 0x0b, 0x90, 0x01, 0xe8, 0x20, 0xcc, 0x4a, 0xa0,
	0x1b, 0xb1, 0x02, 0x20, 0x55, 0x38, 0xa0, 0x02, 0x18, 0x71, 0x02, 0x91,
	0x02, 0xa9, 0x03, 0x20, 0x8d, 0x49, 0x20, 0xcc, 0x4a, 0xa0, 0x04, 0xb1,
	0x02, 0x20, 0x22, 0x2e, 0x20, 0x5d, 0x2e, 0xa0, 0x02, 0x91, 0x02, 0x98,
	0x20, 0xa9, 0x47, 0xa9, 0x00, 0x8d, 0x9b, 0x55, 0xa0, 0x02, 0xaa, 0xb1,
	0x02, 0xa0, 0x1b, 0x4c, 0x50, 0x47, 0x20, 0xcc, 0x4a, 0x20, 0x1d, 0x48,
	0xad, 0x96, 0x55, 0xc9, 0x01, 0xf0, 0x07, 0xa2, 0x00, 0xa9, 0xff, 0x4c,
	0xf1, 0x48, 0xa9, 0x00, 0xa8, 0x91, 0x02, 0xc9, 0x10, 0xb0, 0x3f, 0xb1,
	0x02, 0xa2, 0x00, 0x20, 0x7e, 0x47, 0x85, 0x0a, 0x86, 0x0b, 0x98, 0x18,
	0x65, 0x0a, 0x48, 0xa9, 0x06, 0x65, 0x0b, 0xaa, 0x68, 0x20, 0xcc, 0x4a,
	0xa0, 0x02, 0xb1, 0x02, 0xa2, 0x00, 0x20, 0x7e, 0x47, 0x18, 0xc8, 0x71,
	0x02, 0x48, 0x8a, 0xc8, 0x71, 0x02, 0xaa, 0x68, 0x20, 0xcc, 0x4a, 0xa9,
	0x10, 0x20, 0xa8, 0x30, 0xa0, 0x00, 0x18, 0xa9, 0x01, 0x71, 0x02, 0x4c,
	0x9c, 0x36, 0xa9, 0x03, 0x20, 0xb6, 0x4a, 0xa9, 0x90, 0x20, 0xb6, 0x4a,
	0xa0, 0x06, 0xb1, 0x02, 0x20, 0xb6, 0x4a, 0xa0, 0x06, 0xb1, 0x02, 0x20,
	0xf9, 0x37, 0x4c, 0xf1, 0x48, 0x20, 0x26, 0x48, 0xa9, 0x00, 0x8d, 0x96,
	0x55, 0xa9, 0x23, 0x8d, 0x97, 0x55, 0xa9, 0x12, 0x8d, 0x98, 0x55, 0xa2,
	0xff, 0xa9, 0xfc, 0x20, 0xcc, 0x4a, 0xa9, 0x02, 0x20, 0x8d, 0x49, 0x20,
	0xcc, 0x4a, 0xa9, 0x02, 0x20, 0x12, 0x30, 0xaa, 0xd0, 0x03, 0x4c, 0xd9,
	0x48, 0xa0, 0x00, 0xb1, 0x02, 0xc9, 0x24, 0xd0, 0x16, 0xc8, 0xb1, 0x02,
	0xc9, 0xaf, 0xd0, 0x0f, 0xa9, 0x03, 0x8d, 0x96, 0x55, 0xa9, 0x50, 0x8d,
	0x97, 0x55, 0xa9, 0x28, 0x4c, 0x88, 0x37, 0xa2, 0x00, 0xa1, 0x02, 0xc9,
	0xa0, 0xd0, 0x3f, 0xa0, 0x01, 0xb1, 0x02, 0xc9, 0xea, 0xd0, 0x37, 0xca,
	0xa9, 0xe0, 0x20, 0xcc, 0x4a, 0xa9, 0x02, 0x20, 0x8d, 0x49, 0x20, 0xcc,
	0x4a, 0xa9, 0x01, 0x20, 0x12, 0x30, 0xaa, 0xd0, 0x03, 0x4c, 0xd9, 0x48,
	0xa0, 0x00, 0xb1, 0x02, 0xc9, 0xaa, 0xd0, 0x05, 0xa9, 0x01, 0x4c, 0x7e,
	0x37, 0xa9, 0x02, 0x8d, 0x96, 0x55, 0xa9, 0x23, 0x8d, 0x97, 0x55, 0xa9,
	0x12, 0x8d, 0x98, 0x55, 0xa2, 0x00, 0xad, 0x96, 0x55, 0x4c, 0xd9, 0x48,
	0xad, 0x96, 0x55, 0xc9, 0x01, 0xf0, 0x0b, 0xc9, 0x02, 0xf0, 0x0c, 0xc9,
	0x03, 0xf0, 0x0d, 0x4c, 0xb4, 0x37, 0xa9, 0xa3, 0xa2, 0x52, 0x60, 0xa9,
	0x91, 0xa2, 0x52, 0x60, 0xa9, 0xb5, 0xa2, 0x52, 0x60, 0xa9, 0xc6, 0xa2,
	0x52, 0x60, 0x20, 0xb6, 0x4a, 0x20, 0x26, 0x48, 0xa0, 0x03, 0xb1, 0x02,
	0xa0, 0x00, 0x91, 0x02, 0xa0, 0x02, 0xb1, 0x02, 0x88, 0x91, 0x02, 0xa0,
	0x05, 0xb1, 0x02, 0x20, 0x24, 0x39, 0x20, 0xcc, 0x4a, 0xa9, 0x02, 0x20,
	0x8d, 0x49, 0x20, 0xcc, 0x4a, 0xa9, 0x02, 0x20, 0xa8, 0x30, 0xa0, 0x05,
	0xb1, 0x02, 0x20, 0x09, 0x39, 0x20, 0xcc, 0x4a, 0xa0, 0x06, 0xb1, 0x02,
	0x20, 0x40, 0x31, 0x4c, 0xf6, 0x48, 0x20, 0xb6, 0x4a, 0x20, 0x4d, 0x48,
	0xa0, 0x06, 0xb1, 0x02, 0xa0, 0x03, 0x91, 0x02, 0xa0, 0x05, 0xb1, 0x02,
	0x88, 0x91, 0x02, 0xa0, 0x08, 0xb1, 0x02, 0x20, 0x24, 0x39, 0x20, 0xcc,
	0x4a, 0xa9, 0x05, 0x20, 0x8d, 0x49, 0x20, 0xcc, 0x4a, 0xa9, 0x02, 0x20,
	0xa8, 0x30, 0xa0, 0x08, 0xb1, 0x02, 0x20, 0x09, 0x39, 0x20, 0xcc, 0x4a,
	0xa0, 0x09, 0xb1, 0x02, 0x20, 0x40, 0x31, 0xa2, 0x00, 0xad, 0x96, 0x55,
	0xc9, 0x01, 0xd0, 0x05, 0xa9, 0x5a, 0x4c, 0x46, 0x38, 0xa9, 0x08, 0x20,
	0xd8, 0x2c, 0xa0, 0x08, 0xb1, 0x02, 0x20, 0x59, 0x2c, 0xa0, 0x09, 0x4c,
	0x50, 0x47, 0x20, 0xb6, 0x4a, 0xa9, 0x00, 0x20, 0xb6, 0x4a, 0xa0, 0x01,
	0xb1, 0x02, 0xc9, 0x64, 0x90, 0x3f, 0xa0, 0x05, 0x20, 0xe4, 0x4a, 0xa0,
	0x02, 0xb1, 0x02, 0x48, 0x18, 0x69, 0x01, 0x91, 0x02, 0x68, 0x20, 0x22,
	0x47, 0x20, 0xcc, 0x4a, 0xa0, 0x03, 0xb1, 0x02, 0x20, 0xca, 0x4a, 0xa9,
	0x64, 0x20, 0xd3, 0x4b, 0xa0, 0x30, 0x20, 0xc1, 0x48, 0xa0, 0x00, 0x20,
	0x65, 0x4b, 0xa0, 0x01, 0xb1, 0x02, 0x20, 0xca, 0x4a, 0xa9, 0x64, 0x20,
	0x22, 0x4c, 0xa0, 0x01, 0x91, 0x02, 0x4c, 0xaa, 0x38, 0xb1, 0x02, 0xc9,
	0x0a, 0x90, 0x2c, 0xa0, 0x05, 0x20, 0xe4, 0x4a, 0xa0, 0x02, 0xb1, 0x02,
	0x48, 0x18, 0x69, 0x01, 0x91, 0x02, 0x68, 0x20, 0x22, 0x47, 0x20, 0xcc,
	0x4a, 0xa0, 0x03, 0xb1, 0x02, 0x20, 0xca, 0x4a, 0xa9, 0x0a, 0x20, 0xd3,
	0x4b, 0xa0, 0x30, 0x20, 0xc1, 0x48, 0xa0, 0x00, 0x20, 0x65, 0x4b, 0xa0,
	0x05, 0x20, 0xe4, 0x4a, 0xa0, 0x02, 0xb1, 0x02, 0x48, 0x18, 0x69, 0x01,
	0x91, 0x02, 0x68, 0x20, 0x22, 0x47, 0x20, 0xcc, 0x4a, 0xa0, 0x03, 0xb1,
	0x02, 0x20, 0xca, 0x4a, 0xa9, 0x0a, 0x20, 0x22, 0x4c, 0xa0, 0x30, 0x20,
	0xc1, 0x48, 0xa0, 0x00, 0x20, 0x65, 0x4b, 0xa2, 0x00, 0xa1, 0x02, 0x4c,
	0xec, 0x48, 0x20, 0xb6, 0x4a, 0xad, 0x96, 0x55, 0xc9, 0x03, 0xd0, 0x0a,
	0xa2, 0x00, 0xa1, 0x02, 0x20, 0xa9, 0x48, 0x4c, 0xca, 0x48, 0xa2, 0x00,
	0xa1, 0x02, 0x4c, 0xca, 0x48, 0x20, 0xb6, 0x4a, 0xad, 0x96, 0x55, 0xc9,
	0x03, 0xd0, 0x12, 0xa0, 0x00, 0xb1, 0x02, 0xa2, 0x00, 0x0a, 0x90, 0x01,
	0xe8, 0xa0, 0x0b, 0x20, 0xc1, 0x48, 0x4c, 0xca, 0x48, 0xa0, 0x00, 0xb1,
	0x02, 0xa2, 0x00, 0x0a, 0x90, 0x01, 0xe8, 0x20, 0xb5, 0x48, 0x4c, 0xca,
	0x48, 0x20, 0xb6, 0x4a, 0x20, 0x26, 0x48, 0xa2, 0x00, 0xad, 0x96, 0x55,
	0xc9, 0x01, 0xf0, 0x03, 0x4c, 0xe8, 0x39, 0xa0, 0x03, 0xb1, 0x02, 0xa0,
	0x00, 0x91, 0x02, 0xa0, 0x02, 0xb1, 0x02, 0x88, 0x91, 0x02, 0xa9, 0x12,
	0x20, 0xca, 0x4a, 0xa9, 0x02, 0x20, 0x8d, 0x49, 0x20, 0xcc, 0x4a, 0xa9,
	0x02, 0x20, 0xa8, 0x30, 0xa2, 0x06, 0xa9, 0x00, 0x20, 0xcc, 0x4a, 0xa9,
	0xd4, 0xa2, 0x52, 0x20, 0xcc, 0x4a, 0xa9, 0x10, 0x20, 0xa8, 0x30, 0xa2,
	0x06, 0xa9, 0x10, 0x20, 0xcc, 0x4a, 0xa9, 0xe4, 0xa2, 0x52, 0x20, 0xcc,
	0x4a, 0xa9, 0x0a, 0x20, 0xa8, 0x30, 0xa9, 0x51, 0x20, 0xca, 0x4a, 0xa9,
	0xff, 0x20, 0x40, 0x31, 0xa2, 0x06, 0xa9, 0x19, 0x20, 0xcc, 0x4a, 0xa9,
	0x01, 0x20, 0x40, 0x31, 0xa9, 0x03, 0x20, 0xb6, 0x4a, 0xa9, 0xe0, 0x20,
	0xb6, 0x4a, 0xa9, 0x01, 0x20, 0xb6, 0x4a, 0xa9, 0x00, 0x20, 0xb9, 0x37,
	0xad, 0x9c, 0x55, 0xae, 0x9d, 0x55, 0x20, 0xd8, 0x2c, 0xa9, 0x03, 0x20,
	0x59, 0x2c, 0xa2, 0x00, 0xa9, 0x01, 0x4c, 0xec, 0x48, 0xad, 0x96, 0x55,
	0xc9, 0x03, 0xd0, 0x78, 0xa9, 0x75, 0x20, 0xca, 0x4a, 0xa9, 0x28, 0x20,
	0x40, 0x31, 0xa9, 0x91, 0x20, 0xca, 0x4a, 0xa9, 0x02, 0x20, 0x40, 0x31,
	0xa9, 0x92, 0x20, 0xca, 0x4a, 0xa9, 0x0a, 0x20, 0x40, 0x31, 0xa9, 0x93,
	0x20, 0xca, 0x4a, 0xa9, 0x0a, 0x20, 0x40, 0x31, 0xa2, 0x01, 0xa9, 0xf0,
	0x20, 0xcc, 0x4a, 0xa9, 0x0a, 0x20, 0x40, 0x31, 0xa9, 0x94, 0x20, 0xca,
	0x4a, 0xa9, 0x01, 0x20, 0x40, 0x31, 0xa2, 0x01, 0xa9, 0xef, 0x20, 0xcc,
	0x4a, 0x8a, 0x20, 0x40, 0x31, 0xa9, 0x9b, 0x20, 0xca, 0x4a, 0xa9, 0xe5,
	0x20, 0x40, 0x31, 0xa9, 0x9a, 0x20, 0xca, 0x4a, 0xa9, 0x26, 0x20, 0x40,
	0x31, 0xa9, 0x00, 0x20, 0xb6, 0x4a, 0xa9, 0xc0, 0x20, 0xb6, 0x4a, 0xa9,
	0x01, 0x20, 0xb6, 0x4a, 0xa9, 0x00, 0x20, 0xf9, 0x37, 0xa2, 0x00, 0xa9,
	0x01, 0x4c, 0xec, 0x48, 0x8a, 0x4c, 0xec, 0x48, 0x20, 0xb6, 0x4a, 0xa2,
	0x00, 0xad, 0x96, 0x55, 0xc9, 0x01, 0xd0, 0x68, 0xa2, 0x06, 0xa9, 0x19,
	0x20, 0xcc, 0x4a, 0xa0, 0x02, 0xb1, 0x02, 0x18, 0x69, 0x01, 0x20, 0x40,
	0x31, 0xa2, 0x06, 0xa9, 0x20, 0x20, 0xcc, 0x4a, 0xa9, 0x01, 0x20, 0x40,
	0x31, 0xa2, 0x06, 0xa9, 0x21, 0x20, 0xcc, 0x4a, 0xa9, 0xa0, 0x20, 0x40,
	0x31, 0xa2, 0x06, 0xa9, 0x22, 0x20, 0xcc, 0x4a, 0xa9, 0x0f, 0x20, 0x40,
	0x31, 0xa9, 0x51, 0x20, 0xca, 0x4a, 0xa0, 0x02, 0xb1, 0x02, 0x20, 0x40,
	0x31, 0xa9, 0x03, 0x20, 0xb6, 0x4a, 0xa9, 0xe0, 0x20, 0xb6, 0x4a, 0xa0,
	0x02, 0xb1, 0x02, 0x20, 0xb6, 0x4a, 0xa9, 0x00, 0x20, 0xb9, 0x37, 0xad,
	0x9c, 0x55, 0xae, 0x9d, 0x55, 0x20, 0xd8, 0x2c, 0xa9, 0x03, 0x20, 0x59,
	0x2c, 0x4c, 0xca, 0x48, 0xad, 0x96, 0x55, 0xc9, 0x03, 0xd0, 0x3d, 0xa1,
	0x02, 0x38, 0xe9, 0x01, 0x20, 0xb6, 0x4a, 0xe8, 0xa9, 0xbc, 0x20, 0xcc,
	0x4a, 0xa0, 0x02, 0xb1, 0x02, 0x20, 0x40, 0x31, 0xa9, 0x8f, 0x20, 0xca,
	0x4a, 0xa0, 0x02, 0xb1, 0x02, 0x20, 0x40, 0x31, 0xa9, 0x00, 0x20, 0xb6,
	0x4a, 0xa9, 0xf0, 0x20, 0xb6, 0x4a, 0xa0, 0x03, 0xb1, 0x02, 0x20, 0xb6,
	0x4a, 0xa9, 0x00, 0x20, 0xf9, 0x37, 0x20, 0xca, 0x48, 0x4c, 0xca, 0x48,
	0xa9, 0xff, 0x4c, 0xca, 0x48, 0x20, 0xb6, 0x4a, 0xad, 0x96, 0x55, 0xc9,
	0x01, 0xd0, 0x3f, 0xa2, 0x06, 0xa9, 0x19, 0x20, 0xcc, 0x4a, 0xa0, 0x02,
	0xb1, 0x02, 0x18, 0x69, 0x01, 0x20, 0x40, 0x31, 0xa2, 0x06, 0xa9, 0x20,
	0x20, 0xcc, 0x4a, 0xa9, 0x01, 0x20, 0x40, 0x31, 0xa9, 0x51, 0x20, 0xca,
	0x4a, 0xa0, 0x02, 0xb1, 0x02, 0x20, 0x40, 0x31, 0xa9, 0x03, 0x20, 0xb6,
	0x4a, 0xa9, 0xe0, 0x20, 0xb6, 0x4a, 0xa0, 0x02, 0xb1, 0x02, 0x20, 0xb6,
	0x4a, 0xa9, 0x00, 0x20, 0xb9, 0x37, 0x4c, 0xca, 0x48, 0x20, 0xb6, 0x4a,
	0xa0, 0x18, 0x20, 0xc6, 0x4b, 0xa9, 0x00, 0x20, 0xb6, 0x4a, 0x20, 0x1d,
	0x48, 0xa0, 0x01, 0xaa, 0xb1, 0x02, 0x48, 0x18, 0x69, 0x01, 0x91, 0x02,
	0x68, 0x18, 0x69, 0x02, 0x90, 0x02, 0xe8, 0x18, 0x65, 0x02, 0x85, 0x0a,
	0x8a, 0x65, 0x03, 0x85, 0x0b, 0xa9, 0x4e, 0x88, 0x91, 0x0a, 0xc8, 0xa2,
	0x00, 0xb1, 0x02, 0x48, 0x18, 0x69, 0x01, 0x91, 0x02, 0x68, 0x18, 0x69,
	0x02, 0x90, 0x02, 0xe8, 0x18, 0x65, 0x02, 0x85, 0x0a, 0x8a, 0x65, 0x03,
	0x85, 0x0b, 0xa9, 0x30, 0x88, 0x91, 0x0a, 0xc8, 0xa2, 0x00, 0xb1, 0x02,
	0x48, 0x18, 0x69, 0x01, 0x91, 0x02, 0x68, 0x18, 0x69, 0x02, 0x90, 0x02,
	0xe8, 0x18, 0x65, 0x02, 0x85, 0x0a, 0x8a, 0x65, 0x03, 0x85, 0x0b, 0xa9,
	0x3a, 0x88, 0x4c, 0x07, 0x3c, 0xb1, 0x02, 0x48, 0x18, 0x69, 0x01, 0xa0,
	0x01, 0x91, 0x02, 0x68, 0x18, 0x69, 0x02, 0x90, 0x03, 0xa2, 0x01, 0x18,
	0x65, 0x02, 0x85, 0x0a, 0x8a, 0x65, 0x03, 0x85, 0x0b, 0x88, 0xb1, 0x02,
	0x91, 0x0a, 0xa0, 0x1d, 0x20, 0x86, 0x49, 0x85, 0x06, 0x86, 0x07, 0x20,
	0xa2, 0x48, 0xa0, 0x1c, 0x20, 0x7d, 0x4b, 0xa0, 0x00, 0xb1, 0x06, 0x91,
	0x02, 0xc9, 0x00, 0xf0, 0x0c, 0xc8, 0xa2, 0x00, 0xb1, 0x02, 0xc9, 0x11,
	0x90, 0xbb, 0x4c, 0x32, 0x3c, 0xc8, 0xaa, 0xb1, 0x02, 0x48, 0x18, 0x69,
	0x01, 0x91, 0x02, 0x68, 0x18, 0x69, 0x02, 0x90, 0x02, 0xe8, 0x18, 0x65,
	0x02, 0x85, 0x0a, 0x8a, 0x65, 0x03, 0x85, 0x0b, 0xa9, 0x2c, 0x88, 0x91,
	0x0a, 0xc8, 0xa2, 0x00, 0xb1, 0x02, 0x48, 0x18, 0x69, 0x01, 0x91, 0x02,
	0x68, 0x18, 0x69, 0x02, 0x90, 0x02, 0xe8, 0x18, 0x65, 0x02, 0x85, 0x0a,
	0x8a, 0x65, 0x03, 0x85, 0x0b, 0xa0, 0x1b, 0xb1, 0x02, 0xa0, 0x00, 0x91,
	0x0a, 0xc8, 0xa2, 0x00, 0xb1, 0x02, 0x48, 0x18, 0x69, 0x01, 0x91, 0x02,
	0x68, 0x18, 0x69, 0x02, 0x90, 0x02, 0xe8, 0x18, 0x65, 0x02, 0x85, 0x0a,
	0x8a, 0x65, 0x03, 0x85, 0x0b, 0xa0, 0x1a, 0xb1, 0x02, 0xa0, 0x00, 0x91,
	0x0a, 0xa9, 0x02, 0x20, 0x8d, 0x49, 0x20, 0xcc, 0x4a, 0xa0, 0x03, 0xb1,
	0x02, 0x20, 0x22, 0x2e, 0xa2, 0x00, 0xa9, 0x01, 0xa0, 0x1e, 0x4c, 0x50,
	0x47, 0xad, 0x96, 0x55, 0xc9, 0x03, 0xd0, 0x05, 0xa2, 0x0a, 0xa9, 0x8c,
	0x60, 0xa2, 0x13, 0xa9, 0xec, 0x60, 0x4c, 0x5d, 0x2e, 0xad, 0x96, 0x55,
	0xc9, 0x01, 0xd0, 0x0a, 0xa9, 0x51, 0x20, 0xca, 0x4a, 0xa9, 0xff, 0x4c,
	0x40, 0x31, 0x60, 0x20, 0xb6, 0x4a, 0xa0, 0x18, 0x20, 0xc6, 0x4b, 0xa9,
	0x00, 0x20, 0xb6, 0x4a, 0x20, 0x1d, 0x48, 0xad, 0x96, 0x55, 0xc9, 0x01,
	0xf0, 0x03, 0x4c, 0x21, 0x3e, 0x20, 0x26, 0x48, 0xa2, 0x00, 0x8a, 0x20,
	0x7b, 0x4b, 0x20, 0x84, 0x49, 0xe0, 0x01, 0xb0, 0x1d, 0xa9, 0x00, 0xa8,
	0x18, 0x71, 0x02, 0x85, 0x0a, 0xa9, 0xc8, 0xc8, 0x71, 0x02, 0x85, 0x0b,
	0xa9, 0x00, 0x88, 0x91, 0x0a, 0xaa, 0xa9, 0x01, 0x20, 0x3e, 0x47, 0x4c,
	0xf9, 0x3c, 0xa2, 0xc8, 0xa9, 0x00, 0x85, 0x0a, 0x86, 0x0b, 0xa9, 0x12,
	0xa0, 0x00, 0x91, 0x0a, 0xa9, 0x01, 0xc8, 0x91, 0x0a, 0xa9, 0x41, 0xc8,
	0x91, 0x0a, 0xad, 0x98, 0x55, 0x20, 0xb6, 0x4a, 0xa9, 0x00, 0x20, 0xb6,
	0x4a, 0x20, 0x85, 0x36, 0x8d, 0x74, 0x56, 0xa9, 0xee, 0xa2, 0x52, 0x20,
	0x9f, 0x2d, 0xa2, 0x00, 0xa9, 0x78, 0x20, 0xd8, 0x2c, 0x20, 0x5d, 0x2e,
	0x8d, 0x75, 0x56, 0xa0, 0x03, 0xa2, 0x00, 0xb1, 0x02, 0x48, 0x18, 0x69,
	0x01, 0x91, 0x02, 0x68, 0x18, 0x69, 0x04, 0x90, 0x02, 0xe8, 0x18, 0x65,
	0x02, 0x85, 0x0a, 0x8a, 0x65, 0x03, 0x85, 0x0b, 0xa9, 0x4e, 0xa0, 0x00,
	0x91, 0x0a, 0xa0, 0x03, 0xa2, 0x00, 0xb1, 0x02, 0x48, 0x18, 0x69, 0x01,
	0x91, 0x02, 0x68, 0x18, 0x69, 0x04, 0x90, 0x02, 0xe8, 0x18, 0x65, 0x02,
	0x85, 0x0a, 0x8a, 0x65, 0x03, 0x85, 0x0b, 0xa9, 0x30, 0xa0, 0x00, 0x91,
	0x0a, 0xa0, 0x03, 0xa2, 0x00, 0xb1, 0x02, 0x48, 0x18, 0x69, 0x01, 0x91,
	0x02, 0x68, 0x18, 0x69, 0x04, 0x90, 0x02, 0xe8, 0x18, 0x65, 0x02, 0x85,
	0x0a, 0x8a, 0x65, 0x03, 0x85, 0x0b, 0xa9, 0x3a, 0x4c, 0xde, 0x3d, 0xb1,
	0x02, 0x48, 0x18, 0x69, 0x01, 0x91, 0x02, 0x68, 0x18, 0x69, 0x04, 0x90,
	0x02, 0xe8, 0x18, 0x65, 0x02, 0x85, 0x0a, 0x8a, 0x65, 0x03, 0x85, 0x0b,
	0x88, 0xb1, 0x02, 0xa0, 0x00, 0x91, 0x0a, 0xa0, 0x1f, 0x20, 0x86, 0x49,
	0x85, 0x06, 0x86, 0x07, 0x20, 0xa2, 0x48, 0xa0, 0x1e, 0x20, 0x7d, 0x4b,
	0xa0, 0x00, 0xb1, 0x06, 0xa0, 0x02, 0x91, 0x02, 0xc9, 0x00, 0xf0, 0x09,
	0xc8, 0xa2, 0x00, 0xb1, 0x02, 0xc9, 0x13, 0x90, 0xba, 0xa9, 0x04, 0x20,
	0x8d, 0x49, 0x20, 0xcc, 0x4a, 0xa0, 0x05, 0xb1, 0x02, 0x20, 0x22, 0x2e,
	0xa2, 0x00, 0xa9, 0x01, 0x20, 0xd9, 0x48, 0x4c, 0x46, 0x3f, 0xa0, 0x01,
	0xa2, 0x00, 0xb1, 0x02, 0x48, 0x18, 0x69, 0x01, 0x91, 0x02, 0x68, 0x18,
	0x69, 0x02, 0x90, 0x02, 0xe8, 0x18, 0x65, 0x02, 0x85, 0x0a, 0x8a, 0x65,
	0x03, 0x85, 0x0b, 0xa9, 0x4e, 0x88, 0x91, 0x0a, 0xc8, 0xa2, 0x00, 0xb1,
	0x02, 0x48, 0x18, 0x69, 0x01, 0x91, 0x02, 0x68, 0x18, 0x69, 0x02, 0x90,
	0x02, 0xe8, 0x18, 0x65, 0x02, 0x85, 0x0a, 0x8a, 0x65, 0x03, 0x85, 0x0b,
	0xa9, 0x30, 0x88, 0x91, 0x0a, 0xc8, 0xa2, 0x00, 0xb1, 0x02, 0x48, 0x18,
	0x69, 0x01, 0x91, 0x02, 0x68, 0x18, 0x69, 0x02, 0x90, 0x02, 0xe8, 0x18,
	0x65, 0x02, 0x85, 0x0a, 0x8a, 0x65, 0x03, 0x85, 0x0b, 0xa9, 0x3a, 0x88,
	0x4c, 0xa2, 0x3e, 0xb1, 0x02, 0x48, 0x18, 0x69, 0x01, 0x91, 0x02, 0x68,
	0x18, 0x69, 0x02, 0x90, 0x02, 0xe8, 0x18, 0x65, 0x02, 0x85, 0x0a, 0x8a,
	0x65, 0x03, 0x85, 0x0b, 0x88, 0xb1, 0x02, 0x91, 0x0a, 0xa0, 0x1d, 0x20,
	0x86, 0x49, 0x85, 0x06, 0x86, 0x07, 0x20, 0xa2, 0x48, 0xa0, 0x1c, 0x20,
	0x7d, 0x4b, 0xa0, 0x00, 0xb1, 0x06, 0x91, 0x02, 0xc9, 0x00, 0xf0, 0x0c,
	0xc8, 0xa2, 0x00, 0xb1, 0x02, 0xc9, 0x11, 0x90, 0xbe, 0x4c, 0xcd, 0x3e,
	0xc8, 0xaa, 0xb1, 0x02, 0x48, 0x18, 0x69, 0x01, 0x91, 0x02, 0x68, 0x18,
	0x69, 0x02, 0x90, 0x02, 0xe8, 0x18, 0x65, 0x02, 0x85, 0x0a, 0x8a, 0x65,
	0x03, 0x85, 0x0b, 0xa9, 0x2c, 0x88, 0x91, 0x0a, 0xc8, 0xa2, 0x00, 0xb1,
	0x02, 0x48, 0x18, 0x69, 0x01, 0x91, 0x02, 0x68, 0x18, 0x69, 0x02, 0x90,
	0x02, 0xe8, 0x18, 0x65, 0x02, 0x85, 0x0a, 0x8a, 0x65, 0x03, 0x85, 0x0b,
	0xa0, 0x1b, 0xb1, 0x02, 0xa0, 0x00, 0x91, 0x0a, 0xc8, 0xa2, 0x00, 0xb1,
	0x02, 0x48, 0x18, 0x69, 0x01, 0x91, 0x02, 0x68, 0x18, 0x69, 0x02, 0x90,
	0x02, 0xe8, 0x18, 0x65, 0x02, 0x85, 0x0a, 0x8a, 0x65, 0x03, 0x85, 0x0b,
	0xa0, 0x1a, 0xb1, 0x02, 0xa0, 0x00, 0x91, 0x0a, 0xa9, 0x02, 0x20, 0x8d,
	0x49, 0x20, 0xcc, 0x4a, 0xa0, 0x03, 0xb1, 0x02, 0x20, 0x22, 0x2e, 0xa2,
	0x00, 0xa9, 0x01, 0xa0, 0x1e, 0x4c, 0x50, 0x47, 0xa2, 0x00, 0xad, 0x96,
	0x55, 0xc9, 0x03, 0xd0, 0x05, 0xa2, 0x02, 0xa9, 0x58, 0x60, 0xa9, 0xf0,
	0x60, 0x4c, 0x5d, 0x2e, 0x20, 0xb6, 0x4a, 0x20, 0x40, 0x48, 0xa9, 0x00,
	0x20, 0xb6, 0x4a, 0x20, 0xb6, 0x4a, 0xa0, 0x06, 0xaa, 0xb1, 0x02, 0xd0,
	0x03, 0x4c, 0xc6, 0x41, 0xad, 0x96, 0x55, 0xc9, 0x01, 0xf0, 0x03, 0x4c,
	0x4b, 0x40, 0xad, 0x98, 0x55, 0x20, 0xb6, 0x4a, 0x8a, 0x20, 0xb6, 0x4a,
	0xa2, 0xc8, 0x20, 0x58, 0x31, 0xa0, 0x03, 0x91, 0x02, 0xb1, 0x02, 0xf0,
	0x07, 0xa2, 0x00, 0xb1, 0x02, 0x4c, 0xc6, 0x41, 0xa0, 0x05, 0x91, 0x02,
	0xc8, 0xd1, 0x02, 0x90, 0x03, 0x4c, 0x38, 0x40, 0xa0, 0x08, 0x20, 0x86,
	0x49, 0x85, 0x0a, 0x86, 0x0b, 0xa0, 0x05, 0xb1, 0x02, 0xa8, 0xb1, 0x0a,
	0xa0, 0x04, 0x91, 0x02, 0xb1, 0x02, 0xf0, 0x6b, 0xc9, 0x24, 0xb0, 0x67,
	0x38, 0xe9, 0x01, 0x0a, 0x0a, 0x18, 0x69, 0x04, 0x20, 0xb6, 0x4a, 0xa0,
	0x00, 0xb1, 0x02, 0xa8, 0xa9, 0x00, 0x99, 0x00, 0xc8, 0xa8, 0xaa, 0xb1,
	0x02, 0x20, 0xa2, 0x48, 0x85, 0x0a, 0x86, 0x0b, 0x98, 0x18, 0x65, 0x0a,
	0x85, 0x0a, 0xa9, 0xc8, 0x65, 0x0b, 0x85, 0x0b, 0x98, 0x91, 0x0a, 0xaa,
	0xb1, 0x02, 0x20, 0xa9, 0x48, 0x85, 0x0a, 0x86, 0x0b, 0x98, 0x18, 0x65,
	0x0a, 0x85, 0x0a, 0xa9, 0xc8, 0x65, 0x0b, 0x85, 0x0b, 0x98, 0x91, 0x0a,
	0xaa, 0xb1, 0x02, 0x20, 0xb0, 0x48, 0x85, 0x0a, 0x86, 0x0b, 0xa9, 0x00,
	0x18, 0x65, 0x0a, 0x85, 0x0a, 0xa9, 0xc8, 0x65, 0x0b, 0x85, 0x0b, 0xa9,
	0x00, 0xa8, 0x91, 0x0a, 0x20, 0xca, 0x48, 0xa0, 0x05, 0x18, 0xa9, 0x01,
	0x71, 0x02, 0x4c, 0xa1, 0x3f, 0xad, 0x98, 0x55, 0x20, 0xb6, 0x4a, 0xa9,
	0x00, 0x20, 0xb6, 0x4a, 0xa2, 0xc8, 0x20, 0x75, 0x33, 0x4c, 0xc6, 0x41,
	0xad, 0x96, 0x55, 0xc9, 0x03, 0xf0, 0x03, 0x4c, 0xc4, 0x41, 0xa9, 0x01,
	0xa0, 0x02, 0x91, 0x02, 0xa2, 0x00, 0xb1, 0x02, 0xc9, 0x03, 0x90, 0x03,
	0x4c, 0xc0, 0x41, 0xc9, 0x01, 0xf0, 0x02, 0xa9, 0x29, 0x20, 0xb6, 0x4a,
	0xa0, 0x03, 0xb1, 0x02, 0xc9, 0x01, 0xd0, 0x05, 0xa9, 0x28, 0x4c, 0x7e,
	0x40, 0xa9, 0x50, 0x20, 0xb6, 0x4a, 0x8a, 0xa0, 0x02, 0x91, 0x02, 0xa0,
	0x07, 0x91, 0x02, 0xc8, 0xd1, 0x02, 0xb0, 0x42, 0xa0, 0x0a, 0x20, 0x86,
	0x49, 0x85, 0x0a, 0x86, 0x0b, 0xa0, 0x07, 0xb1, 0x02, 0xa8, 0xb1, 0x0a,
	0xa0, 0x01, 0xd1, 0x02, 0x90, 0x22, 0xa0, 0x0a, 0x20, 0x86, 0x49, 0x85,
	0x0a, 0x86, 0x0b, 0xa0, 0x07, 0xb1, 0x02, 0xa8, 0xb1, 0x0a, 0x38, 0xa0,
	0x00, 0xf1, 0x02, 0x90, 0x02, 0xd0, 0x09, 0xa9, 0x01, 0xa0, 0x02, 0x91,
	0x02, 0x4c, 0xd3, 0x40, 0xa0, 0x07, 0x18, 0xa9, 0x01, 0x71, 0x02, 0x4c,
	0x88, 0x40, 0xa0, 0x02, 0xb1, 0x02, 0xd0, 0x03, 0x4c, 0xb3, 0x41, 0xad,
	0x98, 0x55, 0x20, 0xb6, 0x4a, 0xa0, 0x05, 0xb1, 0x02, 0x20, 0xb6, 0x4a,
	0xa2, 0xc8, 0xa9, 0x00, 0x20, 0x58, 0x31, 0xa0, 0x05, 0x91, 0x02, 0xb1,
	0x02, 0xf0, 0x0a, 0xa2, 0x00, 0xb1, 0x02, 0x20, 0xd9, 0x48, 0x4c, 0xc6,
	0x41, 0xa0, 0x07, 0x91, 0x02, 0xc8, 0xd1, 0x02, 0x90, 0x03, 0x4c, 0x8d,
	0x41, 0xa0, 0x0a, 0x20, 0x86, 0x49, 0x85, 0x0a, 0x86, 0x0b, 0xa0, 0x07,
	0xb1, 0x02, 0xa8, 0xb1, 0x0a, 0xa0, 0x06, 0x91, 0x02, 0xa2, 0x00, 0xb1,
	0x02, 0xa0, 0x01, 0xd1, 0x02, 0x90, 0x59, 0xa0, 0x06, 0xb1, 0x02, 0x38,
	0xa0, 0x00, 0xf1, 0x02, 0x90, 0x02, 0xd0, 0x4c, 0xa0, 0x06, 0xb1, 0x02,
	0x38, 0xa0, 0x01, 0xf1, 0x02, 0x20, 0x82, 0x4a, 0xa0, 0x10, 0x20, 0xc1,
	0x48, 0x20, 0xb6, 0x4a, 0x20, 0x1d, 0x48, 0xa9, 0x00, 0xa8, 0x91, 0x02,
	0xc9, 0x06, 0xb0, 0x29, 0xa2, 0x00, 0xb1, 0x02, 0x18, 0xc8, 0x71, 0x02,
	0x90, 0x01, 0xe8, 0x85, 0x0a, 0x86, 0x0b, 0xa9, 0x00, 0x18, 0x65, 0x0a,
	0x85, 0x0a, 0xa9, 0xc8, 0x65, 0x0b, 0x85, 0x0b, 0xa9, 0x00, 0x88, 0x91,
	0x0a, 0x18, 0xa9, 0x01, 0x71, 0x02, 0x4c, 0x51, 0x41, 0x20, 0xd9, 0x48,
	0xa0, 0x07, 0x18, 0xa9, 0x01, 0x71, 0x02, 0x4c, 0x02, 0x41, 0xad, 0x98,
	0x55, 0x20, 0xb6, 0x4a, 0xa0, 0x05, 0xb1, 0x02, 0x20, 0xb6, 0x4a, 0xa2,
	0xc8, 0xa9, 0x00, 0x20, 0x75, 0x33, 0xa0, 0x05, 0x91, 0x02, 0xb1, 0x02,
	0xf0, 0x0a, 0xa2, 0x00, 0xb1, 0x02, 0x20, 0xd9, 0x48, 0x4c, 0xc6, 0x41,
	0x20, 0xd9, 0x48, 0xa0, 0x02, 0x18, 0xa9, 0x01, 0x71, 0x02, 0x4c, 0x59,
	0x40, 0x8a, 0x4c, 0xc6, 0x41, 0xa9, 0xff, 0xa0, 0x09, 0x4c, 0x50, 0x47,
	0x20, 0x1d, 0x48, 0xa9, 0x00, 0xa8, 0x91, 0x02, 0xc9, 0x19, 0xb0, 0x11,
	0xb1, 0x02, 0xa8, 0xa9, 0x00, 0x99, 0x00, 0xd4, 0xa8, 0x18, 0xa9, 0x01,
	0x71, 0x02, 0x4c, 0xd1, 0x41, 0x20, 0x2e, 0x45, 0xa2, 0xd4, 0xa9, 0x00,
	0x85, 0x0a, 0x86, 0x0b, 0xa0, 0x09, 0x91, 0x0a, 0xa9, 0x04, 0xc8, 0x91,
	0x0a, 0xa9, 0x14, 0xa0, 0x0c, 0x91, 0x0a, 0xa9, 0xa6, 0xc8, 0x91, 0x0a,
	0xa9, 0x40, 0xa0, 0x0b, 0x91, 0x0a, 0xa9, 0x00, 0xa0, 0x10, 0x91, 0x0a,
	0xa9, 0x08, 0xc8, 0x91, 0x0a, 0xa9, 0x18, 0xa0, 0x13, 0x91, 0x0a, 0xa9,
	0x86, 0xc8, 0x91, 0x0a, 0xa9, 0x40, 0xa0, 0x12, 0x91, 0x0a, 0xa9, 0x07,
	0xa0, 0x18, 0x91, 0x0a, 0xa9, 0x00, 0x8d, 0x77, 0x56, 0x8d, 0x78, 0x56,
	0x8d, 0x79, 0x56, 0x8d, 0x7a, 0x56, 0x8d, 0x7b, 0x56, 0x4c, 0xca, 0x48,
	0x20, 0xb6, 0x4a, 0xa0, 0x00, 0xb1, 0x02, 0xf0, 0x02, 0xa9, 0x01, 0x8d,
	0x9e, 0x55, 0xad, 0x9e, 0x55, 0xd0, 0x0e, 0x20, 0x44, 0x44, 0xa2, 0xd4,
	0xa9, 0x00, 0x85, 0x0a, 0x86, 0x0b, 0x4c, 0x6c, 0x42, 0xa2, 0xd4, 0x84,
	0x0a, 0x86, 0x0b, 0xa9, 0x07, 0xa0, 0x18, 0x91, 0x0a, 0x4c, 0xca, 0x48,
	0xa2, 0x00, 0xad, 0x9e, 0x55, 0x60, 0xad, 0x9e, 0x55, 0xf0, 0x08, 0xad,
	0x77, 0x56, 0x0d, 0x78, 0x56, 0xf0, 0x01, 0x60, 0xa2, 0xd4, 0xa9, 0x00,
	0x85, 0x0a, 0x86, 0x0b, 0xa9, 0x80, 0xa0, 0x04, 0x91, 0x0a, 0xa9, 0x81,
	0x91, 0x0a, 0x60, 0x20, 0xb6, 0x4a, 0xad, 0x9e, 0x55, 0xd0, 0x03, 0x4c,
	0xca, 0x48, 0xa0, 0x00, 0xb1, 0x02, 0xc9, 0x01, 0xd0, 0x34, 0xa9, 0x03,
	0x20, 0xe5, 0x44, 0x20, 0x5d, 0x4a, 0x18, 0x69, 0xe9, 0xa8, 0x8a, 0x69,
	0x54, 0xaa, 0x98, 0x20, 0xcc, 0x4a, 0x20, 0x84, 0x49, 0x20, 0x77, 0x49,
	0x8d, 0x77, 0x56, 0x8e, 0x78, 0x56, 0x20, 0x84, 0x49, 0x85, 0x0a, 0x86,
	0x0b, 0xa0, 0x02, 0xb1, 0x0a, 0x8d, 0x79, 0x56, 0x20, 0xd9, 0x48, 0x4c,
	0x21, 0x43, 0xb1, 0x02, 0xc9, 0x02, 0xd0, 0x34, 0xa9, 0x04, 0x20, 0xe5,
	0x44, 0x20, 0x5d, 0x4a, 0x18, 0x69, 0xf2, 0xa8, 0x8a, 0x69, 0x54, 0xaa,
	0x98, 0x20, 0xcc, 0x4a, 0x20, 0x84, 0x49, 0x20, 0x77, 0x49, 0x8d, 0x77,
	0x56, 0x8e, 0x78, 0x56, 0x20, 0x84, 0x49, 0x85, 0x0a, 0x86, 0x0b, 0xa0,
	0x02, 0xb1, 0x0a, 0x8d, 0x79, 0x56, 0x20, 0xd9, 0x48, 0x4c, 0x21, 0x43,
	0x20, 0x44, 0x44, 0x4c, 0xca, 0x48, 0x20, 0x4f, 0x45, 0xa9, 0x00, 0x8d,
	0x7a, 0x56, 0x8d, 0x7b, 0x56, 0x4c, 0xca, 0x48, 0xad, 0x77, 0x56, 0xae,
	0x78, 0x56, 0xe0, 0x00, 0xd0, 0x02, 0xc9, 0x00, 0x4c, 0x99, 0x49, 0x20,
	0x40, 0x48, 0xad, 0x77, 0x56, 0x0d, 0x78, 0x56, 0xd0, 0x03, 0x4c, 0xec,
	0x48, 0xa2, 0x00, 0xad, 0x7b, 0x56, 0xf0, 0x13, 0xce, 0x7b, 0x56, 0xad,
	0x7b, 0x56, 0xc9, 0x02, 0xf0, 0x03, 0x4c, 0xec, 0x48, 0x20, 0x17, 0x45,
	0x4c, 0xec, 0x48, 0xad, 0x7a, 0x56, 0xcd, 0x79, 0x56, 0x90, 0x10, 0x8a,
	0x8d, 0x77, 0x56, 0x8d, 0x78, 0x56, 0x20, 0x17, 0x45, 0x20, 0x2e, 0x45,
	0x4c, 0xec, 0x48, 0xad, 0x7a, 0x56, 0x20, 0x65, 0x47, 0x18, 0x6d, 0x77,
	0x56, 0x48, 0x8a, 0x6d, 0x78, 0x56, 0xaa, 0x68, 0xa0, 0x02, 0x20, 0x7d,
	0x4b, 0xee, 0x7a, 0x56, 0xa0, 0x03, 0x20, 0x86, 0x49, 0x85, 0x0a, 0x86,
	0x0b, 0xa0, 0x03, 0xb1, 0x0a, 0x8d, 0x7b, 0x56, 0x20, 0x86, 0x49, 0x85,
	0x0a, 0x86, 0x0b, 0xa0, 0x00, 0xb1, 0x0a, 0x20, 0x52, 0x44, 0x20, 0x7b,
	0x4b, 0xa2, 0xd4, 0xa9, 0x00, 0x85, 0x0a, 0x86, 0x0b, 0xa8, 0xb1, 0x02,
	0x91, 0x0a, 0xc8, 0xb1, 0x02, 0x91, 0x0a, 0xa0, 0x03, 0x20, 0x86, 0x49,
	0x85, 0x0a, 0x86, 0x0b, 0xa0, 0x01, 0xb1, 0x0a, 0x20, 0x52, 0x44, 0x20,
	0x7b, 0x4b, 0xa2, 0xd4, 0xa9, 0x00, 0x85, 0x0a, 0x86, 0x0b, 0xa8, 0xb1,
	0x02, 0xa0, 0x07, 0x91, 0x0a, 0xa0, 0x01, 0xb1, 0x02, 0xa0, 0x08, 0x91,
	0x0a, 0xa0, 0x03, 0x20, 0x86, 0x49, 0x85, 0x0a, 0x86, 0x0b, 0xa0, 0x02,
	0xb1, 0x0a, 0x20, 0x52, 0x44, 0x20, 0x7b, 0x4b, 0xa2, 0xd4, 0xa9, 0x00,
	0x85, 0x0a, 0x86, 0x0b, 0xa8, 0xb1, 0x02, 0xa0, 0x0e, 0x91, 0x0a, 0xa0,
	0x01, 0xb1, 0x02, 0xa0, 0x0f, 0x91, 0x0a, 0xa0, 0x03, 0x20, 0x86, 0x49,
	0x85, 0x0a, 0x86, 0x0b, 0xa0, 0x00, 0xb1, 0x0a, 0xf0, 0x14, 0xa2, 0xd4,
	0x84, 0x0a, 0x86, 0x0b, 0xa9, 0x41, 0xa0, 0x04, 0x91, 0x0a, 0xa0, 0x0b,
	0x91, 0x0a, 0xa0, 0x12, 0x91, 0x0a, 0x4c, 0xec, 0x48, 0xa9, 0x00, 0x8d,
	0x77, 0x56, 0x8d, 0x78, 0x56, 0x20, 0x17, 0x45, 0x4c, 0x2e, 0x45, 0x20,
	0xb6, 0x4a, 0x20, 0x33, 0x48, 0xa0, 0x03, 0xb1, 0x02, 0xd0, 0x04, 0xaa,
	0x4c, 0xec, 0x48, 0xb1, 0x02, 0x38, 0xe9, 0x01, 0x91, 0x02, 0xb1, 0x02,
	0x20, 0xca, 0x4a, 0xa9, 0x0c, 0x20, 0xd3, 0x4b, 0xa0, 0x00, 0x91, 0x02,
	0xa0, 0x03, 0xb1, 0x02, 0x20, 0xca, 0x4a, 0xa9, 0x0c, 0x20, 0x22, 0x4c,
	0x20, 0x5d, 0x47, 0x18, 0x69, 0xf1, 0xa8, 0x8a, 0x69, 0x52, 0xaa, 0x98,
	0x20, 0x77, 0x49, 0xa0, 0x01, 0x20, 0x7d, 0x4b, 0xa0, 0x00, 0xb1, 0x02,
	0xc9, 0x02, 0xb0, 0x1b, 0xa0, 0x02, 0x20, 0x86, 0x49, 0x85, 0x0a, 0x86,
	0x0b, 0xa9, 0x02, 0x38, 0xa0, 0x00, 0xf1, 0x02, 0xa8, 0xa5, 0x0a, 0xa6,
	0x0b, 0x20, 0x38, 0x4b, 0x4c, 0xd8, 0x44, 0xb1, 0x02, 0xc9, 0x03, 0x90,
	0x1d, 0xa0, 0x02, 0x20, 0x86, 0x49, 0x85, 0x0a, 0x86, 0x0b, 0xa0, 0x00,
	0xb1, 0x02, 0x38, 0xe9, 0x02, 0xa8, 0xa5, 0x0a, 0xa6, 0x0b, 0x20, 0x05,
	0x4b, 0xa0, 0x01, 0x20, 0x7d, 0x4b, 0xa0, 0x02, 0x20, 0x86, 0x49, 0x4c,
	0xec, 0x48, 0x20, 0xb6, 0x4a, 0xa2, 0x00, 0xad, 0x76, 0x56, 0x20, 0x6e,
	0x4a, 0x18, 0x6d, 0x12, 0xd0, 0x90, 0x02, 0xe8, 0x18, 0x65, 0xa2, 0x90,
	0x01, 0xe8, 0xa0, 0x11, 0x20, 0xc1, 0x48, 0x8d, 0x76, 0x56, 0xad, 0x76,
	0x56, 0x20, 0xca, 0x4a, 0xa0, 0x02, 0xb1, 0x02, 0x20, 0x22, 0x4c, 0xa2,
	0x00, 0x4c, 0xca, 0x48, 0xa2, 0xd4, 0xa9, 0x00, 0x85, 0x0a, 0x86, 0x0b,
	0xa9, 0x40, 0xa0, 0x04, 0x91, 0x0a, 0xa0, 0x0b, 0x91, 0x0a, 0xa0, 0x12,
	0x91, 0x0a, 0x60, 0xa2, 0xd4, 0xa9, 0x00, 0x85, 0x0a, 0x86, 0x0b, 0xa8,
	0x91, 0x0a, 0xa9, 0x48, 0xc8, 0x91, 0x0a, 0x98, 0xa0, 0x05, 0x91, 0x0a,
	0xa9, 0x00, 0xc8, 0x91, 0x0a, 0xa9, 0x80, 0xa0, 0x04, 0x91, 0x0a, 0x60,
	0xa2, 0xd4, 0xa9, 0x00, 0x85, 0x0a, 0x86, 0x0b, 0xa0, 0x02, 0x91, 0x0a,
	0xa9, 0x08, 0xc8, 0x91, 0x0a, 0xa9, 0x14, 0xa0, 0x05, 0x91, 0x0a, 0xa9,
	0xa6, 0xc8, 0x91, 0x0a, 0xa9, 0x40, 0xa0, 0x04, 0x91, 0x0a, 0x60, 0xad,
	0x84, 0x56, 0x4a, 0x4a, 0x4a, 0xa8, 0xad, 0x84, 0x56, 0x29, 0x07, 0x18,
	0x79, 0xfe, 0x54, 0x85, 0xfb, 0xb9, 0x17, 0x55, 0x69, 0x00, 0x85, 0xfc,
	0xb9, 0x30, 0x55, 0x85, 0xfd, 0xb9, 0x49, 0x55, 0x69, 0x5c, 0x85, 0xfe,
	0xad, 0x80, 0x56, 0x29, 0xf8, 0x18, 0x65, 0xfb, 0x85, 0xfb, 0xad, 0x81,
	0x56, 0x65, 0xfc, 0x69, 0x60, 0x85, 0xfc, 0xad, 0x81, 0x56, 0x4a, 0xad,
	0x80, 0x56, 0x6a, 0x4a, 0x4a, 0x18, 0x65, 0xfd, 0x85, 0xfd, 0x90, 0x02,
	0xe6, 0xfe, 0xad, 0x80, 0x56, 0x29, 0x07, 0xaa, 0x60, 0x20, 0x72, 0x45,
	0xa0, 0x00, 0xad, 0x85, 0x56, 0x91, 0xfd, 0xbd, 0x62, 0x55, 0x11, 0xfb,
	0x91, 0xfb, 0x60, 0x20, 0x72, 0x45, 0xa0, 0x00, 0xad, 0x83, 0x56, 0x4a,
	0xad, 0x82, 0x56, 0x6a, 0x4a, 0x4a, 0x8d, 0x7c, 0x56, 0xad, 0x81, 0x56,
	0x4a, 0xad, 0x80, 0x56, 0x6a, 0x4a, 0x4a, 0x8d, 0x7d, 0x56, 0xad, 0x7c,
	0x56, 0x38, 0xed, 0x7d, 0x56, 0x8d, 0x7c, 0x56, 0xad, 0x85, 0x56, 0x91,
	0xfd, 0xad, 0x7c, 0x56, 0xd0, 0x1d, 0xac, 0x82, 0x56, 0x98, 0x29, 0x07,
	0xa8, 0xc8, 0xb9, 0x6a, 0x55, 0x8d, 0x7c, 0x56, 0xbd, 0x6a, 0x55, 0x49,
	0xff, 0x2d, 0x7c, 0x56, 0xa0, 0x00, 0x11, 0xfb, 0x91, 0xfb, 0x60, 0xbd,
	0x6a, 0x55, 0x49, 0xff, 0xa0, 0x00, 0x11, 0xfb, 0x91, 0xfb, 0xa5, 0xfb,
	0x18, 0x69, 0x08, 0x85, 0xfb, 0x90, 0x02, 0xe6, 0xfc, 0xe6, 0xfd, 0xd0,
	0x02, 0xe6, 0xfe, 0xad, 0x85, 0x56, 0x91, 0xfd, 0xce, 0x7c, 0x56, 0xf0,
	0x07, 0xa9, 0xff, 0x91, 0xfb, 0x4c, 0x31, 0x46, 0xad, 0x82, 0x56, 0x29,
	0x07, 0xaa, 0xe8, 0xbd, 0x6a, 0x55, 0xa0, 0x00, 0x11, 0xfb, 0x91, 0xfb,
	0x60, 0x20, 0x72, 0x45, 0xa9, 0x00, 0x8d, 0x7f, 0x56, 0xad, 0x86, 0x56,
	0x0a, 0x2e, 0x7f, 0x56, 0x0a, 0x2e, 0x7f, 0x56, 0x0a, 0x2e, 0x7f, 0x56,
	0x8d, 0x91, 0x46, 0xad, 0x7f, 0x56, 0x18, 0x69, 0xc0, 0x8d, 0x92, 0x46,
	0xa0, 0x00, 0xad, 0x85, 0x56, 0x91, 0xfd, 0xa0, 0x07, 0xb9, 0xff, 0xff,
	0x4d, 0x87, 0x56, 0x91, 0xfb, 0x88, 0x10, 0xf5, 0x60, 0xa9, 0x00, 0x85,
	0xfb, 0xa9, 0x60, 0x85, 0xfc, 0xa2, 0x20, 0xa9, 0x00, 0xa0, 0x00, 0x91,
	0xfb, 0xc8, 0xd0, 0xfb, 0xe6, 0xfc, 0xca, 0xd0, 0xf6, 0xa9, 0x00, 0x85,
	0xfb, 0xa9, 0x5c, 0x85, 0xfc, 0xad, 0x85, 0x56, 0xa2, 0x03, 0xa0, 0x00,
	0x91, 0xfb, 0xc8, 0xd0, 0xfb, 0xe6, 0xfc, 0xca, 0xd0, 0xf6, 0xa0, 0x00,
	0x91, 0xfb, 0xc8, 0xc0, 0xe8, 0xd0, 0xf9, 0x60, 0x20, 0x72, 0x45, 0xad,
	0x83, 0x56, 0x4a, 0xad, 0x82, 0x56, 0x6a, 0x4a, 0x4a, 0x8d, 0x7c, 0x56,
	0xad, 0x81, 0x56, 0x4a, 0xad, 0x80, 0x56, 0x6a, 0x4a, 0x4a, 0x8d, 0x7d,
	0x56, 0xad, 0x7c, 0x56, 0x38, 0xed, 0x7d, 0x56, 0xaa, 0xe8, 0xa0, 0x00,
	0xad, 0x85, 0x56, 0x91, 0xfd, 0xa9, 0xff, 0xa0, 0x07, 0x91, 0xfb, 0x88,
	0x10, 0xfb, 0xa5, 0xfb, 0x18, 0x69, 0x08, 0x85, 0xfb, 0x90, 0x02, 0xe6,
	0xfc, 0xe6, 0xfd, 0xd0, 0x02, 0xe6, 0xfe, 0xca, 0xd0, 0xdc, 0x60, 0xa2,
	0x00, 0x18, 0xa0, 0x00, 0x71, 0x02, 0xc8, 0x85, 0x12, 0x8a, 0x71, 0x02,
	0xaa, 0x18, 0xa5, 0x02, 0x69, 0x02, 0x85, 0x02, 0x90, 0x02, 0xe6, 0x03,
	0xa5, 0x12, 0x60, 0xa0, 0x00, 0x18, 0x71, 0x02, 0x91, 0x02, 0x48, 0xc8,
	0x8a, 0x71, 0x02, 0x91, 0x02, 0xaa, 0x68, 0x60, 0xc8, 0x48, 0x18, 0x98,
	0x65, 0x02, 0x85, 0x02, 0x90, 0x02, 0xe6, 0x03, 0x68, 0x60, 0x86, 0x12,
	0x0a, 0x26, 0x12, 0xa6, 0x12, 0x60, 0x86, 0x12, 0x0a, 0x26, 0x12, 0x0a,
	0x26, 0x12, 0xa6, 0x12, 0x60, 0x86, 0x12, 0x0a, 0x26, 0x12, 0x0a, 0x26,
	0x12, 0x0a, 0x26, 0x12, 0xa6, 0x12, 0x60, 0x86, 0x12, 0x0a, 0x26, 0x12,
	0x0a, 0x26, 0x12, 0x0a, 0x26, 0x12, 0x0a, 0x26, 0x12, 0xa6, 0x12, 0x60,
	0x20, 0xcf, 0xff, 0xa2, 0x00, 0x60, 0xaa, 0x20, 0xc6, 0xff, 0xa2, 0x00,
	0xb0, 0x01, 0x8a, 0x60, 0xaa, 0x20, 0xc9, 0xff, 0xa2, 0x00, 0xb0, 0x01,
	0x8a, 0x60, 0x18, 0x4c, 0xc3, 0xff, 0x20, 0xe4, 0xff, 0xa2, 0x00, 0x60,
	0x20, 0xc0, 0xff, 0xa2, 0x00, 0xb0, 0x01, 0x8a, 0x60, 0x20, 0xb7, 0xff,
	0xa2, 0x00, 0x60, 0x85, 0x12, 0x20, 0x98, 0x4a, 0xaa, 0x20, 0x98, 0x4a,
	0xa4, 0x12, 0x4c, 0xba, 0xff, 0x85, 0x0a, 0x86, 0x0b, 0xa0, 0xff, 0xc8,
	0xb1, 0x0a, 0xd0, 0xfb, 0x98, 0xa6, 0x0a, 0xa4, 0x0b, 0x4c, 0xbd, 0xff,
	0xad, 0xbd, 0x55, 0xae, 0xbe, 0x55, 0x20, 0xcc, 0x4a, 0xad, 0xbf, 0x55,
	0xae, 0xc0, 0x55, 0x20, 0xcc, 0x4a, 0xa0, 0x04, 0x4c, 0xf0, 0x1e, 0xa0,
	0x02, 0xf0, 0x07, 0xa9, 0x73, 0xa2, 0x55, 0x4c, 0xc1, 0x55, 0x60, 0x38,
	0xe9, 0x01, 0xb0, 0x01, 0xca, 0x60, 0x38, 0xe9, 0x03, 0xb0, 0x01, 0xca,
	0x60, 0x84, 0x12, 0x38, 0xe5, 0x12, 0xb0, 0x01, 0xca, 0x60, 0xa4, 0x02,
	0xd0, 0x02, 0xc6, 0x03, 0xc6, 0x02, 0x60, 0xa5, 0x02, 0x38, 0xe9, 0x02,
	0x85, 0x02, 0x90, 0x01, 0x60, 0xc6, 0x03, 0x60, 0xa5, 0x02, 0x38, 0xe9,
	0x03, 0x85, 0x02, 0x90, 0x01, 0x60, 0xc6, 0x03, 0x60, 0xa5, 0x02, 0x38,
	0xe9, 0x04, 0x85, 0x02, 0x90, 0x01, 0x60, 0xc6, 0x03, 0x60, 0xa5, 0x02,
	0x38, 0xe9, 0x05, 0x85, 0x02, 0x90, 0x01, 0x60, 0xc6, 0x03, 0x60, 0xa5,
	0x02, 0x38, 0xe9, 0x06, 0x85, 0x02, 0x90, 0x01, 0x60, 0xc6, 0x03, 0x60,
	0xa5, 0x02, 0x38, 0xe9, 0x07, 0x85, 0x02, 0x90, 0x01, 0x60, 0xc6, 0x03,
	0x60, 0xa2, 0x00, 0x85, 0x04, 0x86, 0x05, 0xa0, 0x00, 0xb1, 0x02, 0xaa,
	0xe6, 0x02, 0xd0, 0x02, 0xe6, 0x03, 0xb1, 0x02, 0xe6, 0x02, 0xd0, 0x02,
	0xe6, 0x03, 0x38, 0xe5, 0x05, 0xd0, 0x09, 0xe4, 0x04, 0xf0, 0x04, 0x69,
	0xff, 0x09, 0x01, 0x60, 0x50, 0xfd, 0x49, 0xff, 0x09, 0x01, 0x60, 0x18,
	0x69, 0x01, 0x90, 0x01, 0xe8, 0x60, 0x18, 0x69, 0x02, 0x90, 0x01, 0xe8,
	0x60, 0xa0, 0x03, 0x4c, 0xc1, 0x48, 0xa0, 0x06, 0x4c, 0xc1, 0x48, 0xa0,
	0x08, 0x4c, 0xc1, 0x48, 0xa0, 0x04, 0x84, 0x12, 0x18, 0x65, 0x12, 0x90,
	0x01, 0xe8, 0x60, 0xe6, 0x02, 0xd0, 0x02, 0xe6, 0x03, 0x60, 0xa0, 0x01,
	0xb1, 0x02, 0xaa, 0x88, 0xb1, 0x02, 0xe6, 0x02, 0xf0, 0x05, 0xe6, 0x02,
	0xf0, 0x03, 0x60, 0xe6, 0x02, 0xe6, 0x03, 0x60, 0xa0, 0x03, 0x4c, 0x50,
	0x47, 0xa0, 0x04, 0x4c, 0x50, 0x47, 0xa0, 0x05, 0x4c, 0x50, 0x47, 0xa0,
	0x06, 0x4c, 0x50, 0x47, 0xa0, 0x07, 0x4c, 0x50, 0x47, 0xa0, 0x08, 0x4c,
	0x50, 0x47, 0x78, 0x8d, 0x88, 0x56, 0x8e, 0x89, 0x56, 0x20, 0xd1, 0x48,
	0x18, 0x6d, 0x88, 0x56, 0x8d, 0x88, 0x56, 0x8a, 0x6d, 0x89, 0x56, 0x8d,
	0x89, 0x56, 0x20, 0xd1, 0x48, 0x8d, 0xe7, 0x55, 0x8e, 0xe8, 0x55, 0x58,
	0x60, 0xa9, 0x00, 0x8d, 0xe8, 0x55, 0x60, 0xad, 0xe8, 0x55, 0xd0, 0x02,
	0x18, 0x60, 0xa2, 0x13, 0xb5, 0x02, 0x9d, 0x8a, 0x56, 0xca, 0x10, 0xf8,
	0xad, 0xed, 0x55, 0x48, 0xad, 0xee, 0x55, 0x48, 0xad, 0x88, 0x56, 0xae,
	0x89, 0x56, 0x85, 0x02, 0x86, 0x03, 0x20, 0xe6, 0x55, 0x4a, 0xa2, 0x13,
	0xbd, 0x8a, 0x56, 0x95, 0x02, 0xca, 0x10, 0xf8, 0x68, 0x8d, 0xee, 0x55,
	0x68, 0x8d, 0xed, 0x55, 0x60, 0xad, 0xea, 0x55, 0xae, 0xeb, 0x55, 0x78,
	0x8d, 0x14, 0x03, 0x8e, 0x15, 0x03, 0x58, 0x60, 0xa0, 0x01, 0x85, 0x0a,
	0x86, 0x0b, 0xb1, 0x0a, 0xaa, 0x88, 0xb1, 0x0a, 0x60, 0xa0, 0x01, 0xb1,
	0x02, 0xaa, 0x88, 0xb1, 0x02, 0x60, 0xa2, 0x00, 0x18, 0x65, 0x02, 0x48,
	0x8a, 0x65, 0x03, 0xaa, 0x68, 0x60, 0xd0, 0x06, 0xa2, 0x00, 0x8a, 0x60,
	0xd0, 0xfa, 0xa2, 0x00, 0xa9, 0x01, 0x60, 0xf0, 0xf9, 0x30, 0xf7, 0xa2,
	0x00, 0x8a, 0x60, 0xf0, 0x02, 0x10, 0xef, 0xa2, 0x00, 0x8a, 0x60, 0xf0,
	0xe9, 0x90, 0xe7, 0xa2, 0x00, 0x8a, 0x60, 0xf0, 0xdb, 0xa2, 0x00, 0x8a,
	0x2a, 0x60, 0x85, 0x10, 0x8a, 0xf0, 0x2e, 0x86, 0x11, 0x20, 0xa4, 0x4a,
	0x98, 0xa4, 0x0b, 0xf0, 0x27, 0x85, 0x12, 0xa0, 0x10, 0x46, 0x11, 0x66,
	0x10, 0x90, 0x0b, 0x18, 0x65, 0x0a, 0xaa, 0xa5, 0x0b, 0x65, 0x12, 0x85,
	0x12, 0x8a, 0x66, 0x12, 0x6a, 0x66, 0x11, 0x66, 0x10, 0x88, 0xd0, 0xe9,
	0xa5, 0x10, 0xa6, 0x11, 0x60, 0x4c, 0x0c, 0x4a, 0x86, 0x0b, 0xa4, 0x0a,
	0xa6, 0x10, 0x86, 0x0a, 0x84, 0x10, 0xa0, 0x08, 0x4c, 0x16, 0x4a, 0x85,
	0x10, 0x20, 0xa4, 0x4a, 0x98, 0xa0, 0x08, 0xa6, 0x0b, 0xf0, 0x1d, 0x85,
	0x11, 0x46, 0x10, 0x90, 0x0b, 0x18, 0x65, 0x0a, 0xaa, 0xa5, 0x0b, 0x65,
	0x11, 0x85, 0x11, 0x8a, 0x66, 0x11, 0x6a, 0x66, 0x10, 0x88, 0xd0, 0xeb,
	0xaa, 0xa5, 0x10, 0x60, 0x46, 0x10, 0x90, 0x03, 0x18, 0x65, 0x0a, 0x6a,
	0x66, 0x10, 0x88, 0xd0, 0xf5, 0xaa, 0xa5, 0x10, 0x60, 0x85, 0x0a, 0x86,
	0x0b, 0x0a, 0x26, 0x0b, 0x0a, 0x26, 0x0b, 0x18, 0x65, 0x0a, 0x85, 0x0a,
	0x8a, 0x65, 0x0b, 0x06, 0x0a, 0x2a, 0xaa, 0xa5, 0x0a, 0x60, 0x85, 0x0a,
	0x86, 0x0b, 0x0a, 0x26, 0x0b, 0x18, 0x65, 0x0a, 0x48, 0x8a, 0x65, 0x0b,
	0xaa, 0x68, 0x60, 0x85, 0x0a, 0x86, 0x0b, 0x0a, 0x26, 0x0b, 0x0a, 0x26,
	0x0b, 0x18, 0x65, 0x0a, 0x48, 0x8a, 0x65, 0x0b, 0xaa, 0x68, 0x60, 0x85,
	0x0a, 0x86, 0x0b, 0x0a, 0x26, 0x0b, 0x18, 0x65, 0x0a, 0x85, 0x0a, 0x8a,
	0x65, 0x0b, 0x06, 0x0a, 0x2a, 0xaa, 0xa5, 0x0a, 0x60, 0xa0, 0x00, 0xb1,
	0x02, 0xe6, 0x02, 0xf0, 0x01, 0x60, 0xe6, 0x03, 0x60, 0xa0, 0x01, 0xb1,
	0x02, 0x85, 0x0b, 0x88, 0xb1, 0x02, 0x85, 0x0a, 0x4c, 0xd9, 0x48, 0xa0,
	0x00, 0xb1, 0x02, 0xa4, 0x02, 0xf0, 0x07, 0xc6, 0x02, 0xa0, 0x00, 0x91,
	0x02, 0x60, 0xc6, 0x03, 0xc6, 0x02, 0x91, 0x02, 0x60, 0xa9, 0x00, 0xa2,
	0x00, 0x48, 0xa5, 0x02, 0x38, 0xe9, 0x02, 0x85, 0x02, 0xb0, 0x02, 0xc6,
	0x03, 0xa0, 0x01, 0x8a, 0x91, 0x02, 0x68, 0x88, 0x91, 0x02, 0x60, 0xa0,
	0x03, 0xa5, 0x02, 0x38, 0xe9, 0x02, 0x85, 0x02, 0xb0, 0x02, 0xc6, 0x03,
	0xb1, 0x02, 0xaa, 0x88, 0xb1, 0x02, 0xa0, 0x00, 0x91, 0x02, 0xc8, 0x8a,
	0x91, 0x02, 0x60, 0x85, 0x12, 0x20, 0xd1, 0x48, 0xa4, 0x12, 0x48, 0x98,
	0x29, 0x0f, 0xf0, 0x10, 0x38, 0xe9, 0x08, 0xf0, 0x0d, 0x90, 0x10, 0xa8,
	0x68, 0x0a, 0x88, 0xd0, 0xfc, 0xaa, 0x98, 0x60, 0x68, 0x60, 0x68, 0xaa,
	0xa9, 0x00, 0x60, 0x69, 0x08, 0xa8, 0x68, 0x86, 0x12, 0x0a, 0x26, 0x12,
	0x88, 0xd0, 0xfa, 0xa6, 0x12, 0x60, 0x85, 0x12, 0x20, 0xd1, 0x48, 0xa4,
	0x12, 0x48, 0x98, 0x29, 0x0f, 0xf0, 0x11, 0x38, 0xe9, 0x08, 0xf0, 0x0e,
	0x90, 0x11, 0xa8, 0x68, 0x8a, 0x4a, 0x88, 0xd0, 0xfc, 0xa2, 0x00, 0x60,
	0x68, 0x60, 0x68, 0x8a, 0xa2, 0x00, 0x60, 0x69, 0x08, 0xa8, 0x68, 0x86,
	0x12, 0x46, 0x12, 0x6a, 0x88, 0xd0, 0xfa, 0xa6, 0x12, 0x60, 0x48, 0x84,
	0x12, 0xa0, 0x01, 0xb1, 0x02, 0x85, 0x0b, 0x88, 0xb1, 0x02, 0x85, 0x0a,
	0xa4, 0x12, 0x68, 0x91, 0x0a, 0x4c, 0xd9, 0x48, 0xa0, 0x00, 0x91, 0x02,
	0xc8, 0x48, 0x8a, 0x91, 0x02, 0x68, 0x60, 0x85, 0x0c, 0x86, 0x0d, 0xa2,
	0x00, 0xa0, 0x00, 0xb1, 0x0c, 0xf0, 0x08, 0xc8, 0xd0, 0xf9, 0xe6, 0x0d,
	0xe8, 0xd0, 0xf4, 0x98, 0x60, 0xa2, 0x00, 0x38, 0x49, 0xff, 0xa0, 0x00,
	0x71, 0x02, 0xc8, 0x48, 0x8a, 0x49, 0xff, 0x71, 0x02, 0xaa, 0x68, 0x4c,
	0x4f, 0x47, 0xa0, 0x00, 0x38, 0x49, 0xff, 0x71, 0x02, 0x91, 0x02, 0x48,
	0xc8, 0x8a, 0x49, 0xff, 0x71, 0x02, 0x91, 0x02, 0xaa, 0x68, 0x60, 0x98,
	0x49, 0xff, 0x38, 0x65, 0x02, 0x85, 0x02, 0xb0, 0x02, 0xc6, 0x03, 0x60,
	0xa2, 0x00, 0x85, 0x10, 0x86, 0x11, 0x20, 0xa4, 0x4a, 0x20, 0xe4, 0x4b,
	0xa5, 0x0a, 0xa6, 0x0b, 0x60, 0xa9, 0x00, 0x85, 0x05, 0xa0, 0x10, 0xa6,
	0x11, 0xf0, 0x1f, 0x06, 0x0a, 0x26, 0x0b, 0x2a, 0x26, 0x05, 0xaa, 0xc5,
	0x10, 0xa5, 0x05, 0xe5, 0x11, 0x90, 0x08, 0x85, 0x05, 0x8a, 0xe5, 0x10,
	0xaa, 0xe6, 0x0a, 0x8a, 0x88, 0xd0, 0xe4, 0x85, 0x04, 0x60, 0x06, 0x0a,
	0x26, 0x0b, 0x2a, 0xb0, 0x04, 0xc5, 0x10, 0x90, 0x04, 0xe5, 0x10, 0xe6,
	0x0a, 0x88, 0xd0, 0xee, 0x85, 0x04, 0x60, 0xa2, 0x00, 0x85, 0x10, 0x86,
	0x11, 0x20, 0xa4, 0x4a, 0x20, 0xe4, 0x4b, 0xa5, 0x04, 0xa6, 0x05, 0x60,
	0xa9, 0x0b, 0x85, 0x0a, 0xa9, 0x56, 0x85, 0x0b, 0xa9, 0x00, 0xa8, 0xa2,
	0x00, 0xf0, 0x0a, 0x91, 0x0a, 0xc8, 0xd0, 0xfb, 0xe6, 0x0b, 0xca, 0xd0,
	0xf6, 0xc0, 0x93, 0xf0, 0x05, 0x91, 0x0a, 0xc8, 0xd0, 0xf7, 0x60, 0x3f,
	0x06, 0x5b, 0x4f, 0x66, 0x6d, 0x7d, 0x07, 0x7f, 0x6f, 0x01, 0x03, 0x0e,
	0x06, 0x06, 0x0e, 0x03, 0x0f, 0xc6, 0x33, 0x20, 0xd3, 0xc5, 0xd4, 0xd3,
	0x20, 0xc8, 0xcf, 0xd7, 0x20, 0xcc, 0xcf, 0xce, 0xc7, 0x20, 0xc1, 0x20,
	0x31, 0x35, 0x34, 0x31, 0x20, 0xd4, 0xd2, 0xc1, 0xc3, 0xcb, 0x20, 0xcd,
	0xc1, 0xd9, 0x20, 0xd4, 0xc1, 0xcb, 0xc5, 0x2e, 0x20, 0xd4, 0xc8, 0xc9,
	0xd3, 0x20, 0xc4, 0xd2, 0xc9, 0xd6, 0xc5, 0x20, 0xc1, 0xce, 0xd3, 0xd7,
	0xc5, 0xd2, 0xd3, 0x20, 0xc6, 0xcf, 0xd2, 0x20, 0xc9, 0xd4, 0xd3, 0xc5,
	0xcc, 0xc6, 0x20, 0xc1, 0xce, 0xc4, 0x20, 0xc4, 0xcf, 0xc5, 0xd3, 0x20,
	0xce, 0xcf, 0xd4, 0x20, 0xce, 0xc5, 0xc5, 0xc4, 0x20, 0xc9, 0xd4, 0x00,
	0xc6, 0x33, 0x20, 0xcf, 0xce, 0xcc, 0xd9, 0x20, 0xc1, 0xd0, 0xd0, 0xcc,
	0xc9, 0xc5, 0xd3, 0x20, 0xc9, 0xce, 0x20, 0xd3, 0xcc, 0xcf, 0xd7, 0x20,
	0xcd, 0xcf, 0xc4, 0xc5, 0x2c, 0x20, 0xd7, 0xc8, 0xc5, 0xd2, 0xc5, 0x20,
	0xd4, 0xd2, 0xc1, 0xc3, 0xcb, 0xd3, 0x20, 0xc7, 0xcf, 0x20, 0xcf, 0xce,
	0xc5, 0x20, 0xc1, 0xd4, 0x20, 0xc1, 0x20, 0xd4, 0xc9, 0xcd, 0xc5, 0x2e,
	0x20, 0xd0, 0xd2, 0xc5, 0xd3, 0xd3, 0x20, 0xc6, 0x32, 0x20, 0xc6, 0xcf,
	0xd2, 0x20, 0xd3, 0xcc, 0xcf, 0xd7, 0x20, 0xc6, 0xc9, 0xd2, 0xd3, 0xd4,
	0x00, 0xce, 0xcf, 0xd4, 0xc8, 0xc9, 0xce, 0xc7, 0x20, 0xc1, 0xce, 0xd3,
	0xd7, 0xc5, 0xd2, 0xc5, 0xc4, 0x20, 0xc1, 0xd4, 0x20, 0xd4, 0xc8, 0xc9,
	0xd3, 0x20, 0xc4, 0xc5, 0xd6, 0xc9, 0xc3, 0xc5, 0x20, 0xce, 0xd5, 0xcd,
	0xc2, 0xc5, 0xd2, 0x2e, 0x20, 0xc3, 0xc8, 0xc5, 0xc3, 0xcb, 0x20, 0xd4,
	0xc8, 0xc5, 0x20, 0xc4, 0xd2, 0xc9, 0xd6, 0xc5, 0x20, 0xc9, 0xd3, 0x20,
	0xd3, 0xd7, 0xc9, 0xd4, 0xc3, 0xc8, 0xc5, 0xc4, 0x20, 0xcf, 0xce, 0x20,
	0xc1, 0xce, 0xc4, 0x20, 0xc3, 0xc1, 0xc2, 0xcc, 0xc5, 0xc4, 0x00, 0xd4,
	0xc8, 0xc5, 0x20, 0xc4, 0xd2, 0xc9, 0xd6, 0xc5, 0x20, 0xce, 0xc5, 0xd6,
	0xc5, 0xd2, 0x20, 0xc1, 0xce, 0xd3, 0xd7, 0xc5, 0xd2, 0xc5, 0xc4, 0x2e,
	0x20, 0xc9, 0xd4, 0x20, 0xcd, 0xc1, 0xd9, 0x20, 0xd3, 0xd4, 0xc9, 0xcc,
	0xcc, 0x20, 0xc2, 0xc5, 0x20, 0xd7, 0xcf, 0xd2, 0xcb, 0xc9, 0xce, 0xc7,
	0x2c, 0x20, 0xcf, 0xd2, 0x20, 0xd4, 0xc8, 0xc5, 0x20, 0xc4, 0xc9, 0xd3,
	0xcb, 0x20, 0xcd, 0xc1, 0xd9, 0x20, 0xc2, 0xc5, 0x20, 0xd5, 0xce, 0xd2,
	0xc5, 0xc1, 0xc4, 0xc1, 0xc2, 0xcc, 0xc5, 0x00, 0xcc, 0xcf, 0xd7, 0xc5,
	0xd2, 0x20, 0xc9, 0xd3, 0x20, 0xd1, 0xd5, 0xc9, 0xc3, 0xcb, 0xc5, 0xd2,
	0x20, 0xc1, 0xce, 0xc4, 0x20, 0xd4, 0xcf, 0xcf, 0x20, 0xcc, 0xcf, 0xd7,
	0x20, 0xc8, 0xc1, 0xce, 0xc7, 0xd3, 0x20, 0xd4, 0xc8, 0xc5, 0x20, 0xcd,
	0xc1, 0xc3, 0xc8, 0xc9, 0xce, 0xc5, 0x2e, 0x20, 0xd4, 0xc8, 0xc5, 0x20,
	0xc6, 0xc9, 0xc7, 0xd5, 0xd2, 0xc5, 0x20, 0xc9, 0xd3, 0x20, 0xcf, 0xce,
	0x20, 0xd4, 0xc8, 0xc5, 0x20, 0xc2, 0xd5, 0xd4, 0xd4, 0xcf, 0xce, 0x00,
	0xd3, 0xcf, 0xcd, 0xc5, 0xd4, 0xc8, 0xc9, 0xce, 0xc7, 0x20, 0xc1, 0xce,
	0xd3, 0xd7, 0xc5, 0xd2, 0xc5, 0xc4, 0x20, 0xc1, 0xd4, 0x20, 0xd4, 0xc8,
	0xc9, 0xd3, 0x20, 0xc4, 0xc5, 0xd6, 0xc9, 0xc3, 0xc5, 0x20, 0xce, 0xd5,
	0xcd, 0xc2, 0xc5, 0xd2, 0x2c, 0x20, 0xc2, 0xd5, 0xd4, 0x20, 0xc9, 0xd4,
	0x20, 0xc9, 0xd3, 0x20, 0xce, 0xcf, 0xd4, 0x20, 0xc1, 0x20, 0x31, 0x35,
	0x34, 0x31, 0x20, 0xcf, 0xd2, 0x20, 0xc1, 0x20, 0x31, 0x35, 0x38, 0x31,
	0x00, 0xd1, 0xd5, 0xc9, 0xc3, 0xcb, 0x3a, 0x20, 0xd4, 0xc8, 0xc5, 0x20,
	0xc4, 0xd2, 0xc9, 0xd6, 0xc5, 0x20, 0xc6, 0xcf, 0xd2, 0xcd, 0xc1, 0xd4,
	0xd3, 0x20, 0xd4, 0xc8, 0xc5, 0x20, 0xd7, 0xc8, 0xcf, 0xcc, 0xc5, 0x20,
	0xc4, 0xc9, 0xd3, 0xcb, 0x20, 0xc9, 0xd4, 0xd3, 0xc5, 0xcc, 0xc6, 0x2c,
	0x20, 0xce, 0xcf, 0x20, 0xc2, 0xc1, 0xc4, 0x20, 0xd4, 0xd2, 0xc1, 0xc3,
	0xcb, 0x20, 0xc3, 0xc8, 0xc5, 0xc3, 0xcb, 0x00, 0xd3, 0xcc, 0xcf, 0xd7,
	0x3a, 0x20, 0xcf, 0xce, 0xc5, 0x20, 0xd4, 0xd2, 0xc1, 0xc3, 0xcb, 0x20,
	0xc1, 0xd4, 0x20, 0xc1, 0x20, 0xd4, 0xc9, 0xcd, 0xc5, 0x2c, 0x20, 0xc6,
	0xc9, 0xce, 0xc4, 0xd3, 0x20, 0xc2, 0xc1, 0xc4, 0x20, 0xd4, 0xd2, 0xc1,
	0xc3, 0xcb, 0xd3, 0x20, 0xc1, 0xce, 0xc4, 0x20, 0xcc, 0xcf, 0xc3, 0xcb,
	0xd3, 0x20, 0xd4, 0xc8, 0xc5, 0xcd, 0x20, 0xcf, 0xd5, 0xd4, 0x00, 0xc6,
	0xcf, 0xd2, 0xcd, 0xc1, 0xd4, 0xd4, 0xc9, 0xce, 0xc7, 0x2e, 0x20, 0xd4,
	0xc8, 0xc5, 0x20, 0xc4, 0xd2, 0xc9, 0xd6, 0xc5, 0x20, 0xd2, 0xc5, 0xd0,
	0xcf, 0xd2, 0xd4, 0xd3, 0x20, 0xce, 0xcf, 0xd4, 0xc8, 0xc9, 0xce, 0xc7,
	0x20, 0xd5, 0xce, 0xd4, 0xc9, 0xcc, 0x20, 0xc4, 0xcf, 0xce, 0xc5, 0x00,
	0xd4, 0xc8, 0xc9, 0xd3, 0x20, 0xc4, 0xd2, 0xc9, 0xd6, 0xc5, 0x20, 0xc3,
	0xc1, 0xce, 0xce, 0xcf, 0xd4, 0x20, 0xc2, 0xc5, 0x20, 0xc4, 0xd2, 0xc9,
	0xd6, 0xc5, 0xce, 0x20, 0xd4, 0xd2, 0xc1, 0xc3, 0xcb, 0x20, 0xc2, 0xd9,
	0x20, 0xd4, 0xd2, 0xc1, 0xc3, 0xcb, 0x00, 0xd4, 0xc8, 0xc5, 0x20, 0xc4,
	0xd2, 0xc9, 0xd6, 0xc5, 0x20, 0xce, 0xc5, 0xd6, 0xc5, 0xd2, 0x20, 0xc6,
	0xc9, 0xce, 0xc9, 0xd3, 0xc8, 0xc5, 0xc4, 0x20, 0xd4, 0xc8, 0xc5, 0x20,
	0xc4, 0xc9, 0xd2, 0xc5, 0xc3, 0xd4, 0xcf, 0xd2, 0xd9, 0x00, 0xd4, 0xc8,
	0xc9, 0xd3, 0x20, 0xc5, 0xd2, 0xc1, 0xd3, 0xc5, 0xd3, 0x20, 0xd4, 0xc8,
	0xc5, 0x20, 0xc4, 0xc9, 0xd3, 0xcb, 0x2e, 0x20, 0xd9, 0x20, 0xd4, 0xcf,
	0x20, 0xc7, 0xcf, 0x20, 0xcf, 0xce, 0x00, 0xc4, 0xcf, 0xce, 0xc5, 0x2c,
	0x20, 0xd7, 0xc9, 0xd4, 0xc8, 0x20, 0xc2, 0xc1, 0xc4, 0x20, 0xd4, 0xd2,
	0xc1, 0xc3, 0xcb, 0xd3, 0x20, 0xcc, 0xcf, 0xc3, 0xcb, 0xc5, 0xc4, 0x20,
	0xcf, 0xd5, 0xd4, 0x00, 0xd3, 0xd4, 0xcf, 0xd0, 0xd0, 0xc5, 0xc4, 0x2e,
	0x20, 0xd4, 0xc8, 0xc5, 0x20, 0xc4, 0xc9, 0xd3, 0xcb, 0x20, 0xc9, 0xd3,
	0x20, 0xce, 0xcf, 0xd4, 0x20, 0xd5, 0xd3, 0xc1, 0xc2, 0xcc, 0xc5, 0x00,
	0xd4, 0xd9, 0xd0, 0xc5, 0x20, 0xd4, 0xd7, 0xcf, 0x20, 0xc3, 0xc8, 0xc1,
	0xd2, 0xc1, 0xc3, 0xd4, 0xc5, 0xd2, 0xd3, 0x20, 0xc6, 0xcf, 0xd2, 0x20,
	0xd4, 0xc8, 0xc5, 0x20, 0xc9, 0xc4, 0x00, 0xd4, 0xd9, 0xd0, 0xc5, 0x20,
	0xc1, 0x20, 0xce, 0xc1, 0xcd, 0xc5, 0x2c, 0x20, 0xd2, 0xc5, 0xd4, 0xd5,
	0xd2, 0xce, 0x20, 0xd7, 0xc8, 0xc5, 0xce, 0x20, 0xc4, 0xcf, 0xce, 0xc5,
	0x00, 0xd4, 0xc8, 0xc5, 0x20, 0xc4, 0xd2, 0xc9, 0xd6, 0xc5, 0x20, 0xd2,
	0xc5, 0xd0, 0xcf, 0xd2, 0xd4, 0xc5, 0xc4, 0x20, 0xc1, 0x20, 0xd0, 0xd2,
	0xcf, 0xc2, 0xcc, 0xc5, 0xcd, 0x00, 0xc3, 0xc8, 0xc5, 0xc3, 0xcb, 0xc9,
	0xce, 0xc7, 0x20, 0xd4, 0xc8, 0xc5, 0x20, 0xc4, 0xd2, 0xc9, 0xd6, 0xc5,
	0x20, 0xc6, 0xc9, 0xce, 0xc9, 0xd3, 0xc8, 0xc5, 0xc4, 0x00, 0xd4, 0xc8,
	0xc5, 0x20, 0xc4, 0xc9, 0xd2, 0xc5, 0xc3, 0xd4, 0xcf, 0xd2, 0xd9, 0x20,
	0xc4, 0xc9, 0xc4, 0x20, 0xce, 0xcf, 0xd4, 0x20, 0xd4, 0xc1, 0xcb, 0xc5,
	0x00, 0xce, 0xcf, 0xd4, 0xc8, 0xc9, 0xce, 0xc7, 0x20, 0xc8, 0xc5, 0xd2,
	0xc5, 0x20, 0xd4, 0xcf, 0x20, 0xc6, 0xcf, 0xd2, 0xcd, 0xc1, 0xd4, 0x00,
	0xcc, 0xcf, 0xcf, 0xcb, 0xc9, 0xce, 0xc7, 0x20, 0xc6, 0xcf, 0xd2, 0x20,
	0xd4, 0xc8, 0xc5, 0x20, 0xc4, 0xd2, 0xc9, 0xd6, 0xc5, 0x00, 0xd7, 0xd2,
	0xc9, 0xd4, 0xc9, 0xce, 0xc7, 0x20, 0xd4, 0xc8, 0xc5, 0x20, 0xc4, 0xc9,
	0xd2, 0xc5, 0xc3, 0xd4, 0xcf, 0xd2, 0xd9, 0x00, 0x28, 0xc3, 0x29, 0x20,
	0x32, 0x30, 0x32, 0x36, 0x20, 0xd2, 0xcf, 0xc2, 0xc5, 0xd2, 0xd4, 0x20,
	0xcd, 0xc5, 0xc3, 0xc8, 0x00, 0xd0, 0xd2, 0xc5, 0xd0, 0xc1, 0xd2, 0xc9,
	0xce, 0xc7, 0x20, 0xd4, 0xc8, 0xc5, 0x20, 0xc4, 0xd2, 0xc9, 0xd6, 0xc5,
	0x00, 0xc4, 0xd2, 0xc9, 0xd6, 0xc5, 0x20, 0xce, 0xcf, 0xc9, 0xd3, 0xc5,
	0x20, 0xcf, 0xc6, 0xc6, 0x00, 0xc4, 0xd2, 0xc9, 0xd6, 0xc5, 0x20, 0xce,
	0xcf, 0xc9, 0xd3, 0xc5, 0x20, 0xcf, 0xce, 0x00, 0xc6, 0xcf, 0xd2, 0xcd,
	0xc1, 0xd4, 0x20, 0xd5, 0xd4, 0xc9, 0xcc, 0x00, 0xcc, 0xc5, 0xc6, 0xd4,
	0x20, 0xc1, 0xcc, 0xcf, 0xce, 0xc5, 0x00, 0xc6, 0xcf, 0xd2, 0xcd, 0xc1,
	0xd4, 0xd4, 0xc9, 0xce, 0xc7, 0x00, 0xc4, 0xd2, 0xc9, 0xd6, 0xc5, 0x20,
	0xce, 0xcf, 0xd4, 0x00, 0xc3, 0xcf, 0xce, 0xce, 0xc5, 0xc3, 0xd4, 0xc5,
	0xc4, 0x00, 0xc8, 0xc5, 0xc1, 0xc4, 0xc3, 0xd2, 0xc1, 0xd3, 0xc8, 0x00,
	0xc6, 0x35, 0x20, 0xce, 0xc1, 0xcd, 0xc5, 0x20, 0x00, 0xc6, 0x34, 0x20,
	0xd1, 0xd5, 0xc9, 0xc5, 0xd4, 0x00, 0xc6, 0x34, 0x20, 0xd3, 0xcf, 0xd5,
	0xce, 0xc4, 0x00, 0xc6, 0x33, 0x20, 0xd7, 0xc1, 0xc9, 0xd4, 0x20, 0x00,
	0xc6, 0x32, 0x20, 0xd3, 0xcc, 0xcf, 0xd7, 0x20, 0x00, 0xc6, 0x32, 0x20,
	0xd1, 0xd5, 0xc9, 0xc3, 0xcb, 0x00, 0xc6, 0x31, 0x20, 0xc4, 0xd2, 0xc9,
	0xd6, 0xc5, 0x00, 0xc6, 0x37, 0x20, 0xc7, 0xcf, 0x20, 0x20, 0x20, 0x00,
	0xc6, 0x38, 0x20, 0xc5, 0xd8, 0xc9, 0xd4, 0x20, 0x00, 0xd2, 0xc5, 0xd4,
	0xd2, 0xd9, 0xc9, 0xce, 0xc7, 0x00, 0xc6, 0x36, 0x20, 0xc9, 0xc4, 0x20,
	0x20, 0x20, 0x00, 0xd2, 0xc5, 0xc1, 0xc4, 0xd9, 0x00, 0xd2, 0xc5, 0xd4,
	0xd2, 0xd9, 0x00, 0xd6, 0x31, 0x2e, 0x38, 0x00, 0xce, 0xc1, 0xcd, 0xc5,
	0x00, 0xc2, 0xc1, 0xc4, 0x00, 0x2d, 0x2d, 0x00, 0x2f, 0x00, 0x00, 0x00,
	0x00, 0x00, 0x00, 0x00, 0x00, 0x00, 0x00, 0x00, 0x00, 0x00, 0x00, 0x00,
	0x00, 0x00, 0x00, 0x00, 0x00, 0x00, 0x7f, 0x00, 0x03, 0xff, 0x3f, 0xff,
	0xff, 0x20, 0x1f, 0xff, 0x27, 0x9f, 0xff, 0x20, 0x1f, 0xff, 0x3f, 0xff,
	0xff, 0x00, 0x03, 0xff, 0x00, 0x00, 0x7f, 0x00, 0x00, 0x00, 0x00, 0x00,
	0x00, 0x00, 0x00, 0x00, 0x00, 0x00, 0x00, 0x00, 0x00, 0x00, 0x00, 0x00,
	0x00, 0x00, 0x00, 0x00, 0x00, 0x00, 0x00, 0x00, 0x00, 0x00, 0x00, 0x00,
	0x00, 0x00, 0x00, 0x00, 0x00, 0x00, 0x00, 0x00, 0x00, 0x00, 0x00, 0x00,
	0x00, 0x00, 0x00, 0x1f, 0x0f, 0xe0, 0xff, 0x0f, 0xff, 0xff, 0x0f, 0xff,
	0xff, 0x0f, 0xe0, 0xff, 0x00, 0x00, 0x1f, 0x00, 0x00, 0x00, 0x00, 0x00,
	0x00, 0x00, 0x00, 0x00, 0x00, 0x00, 0x00, 0x00, 0x00, 0x00, 0x00, 0x00,
	0x00, 0x00, 0x00, 0x00, 0x00, 0xff, 0x00, 0x01, 0xff, 0x80, 0x03, 0xff,
	0xc0, 0x03, 0xff, 0xc0, 0x03, 0xff, 0xc0, 0x03, 0xff, 0xc0, 0x03, 0xff,
	0xc0, 0x03, 0xff, 0xc0, 0x03, 0xff, 0xc0, 0x03, 0xff, 0xc0, 0x03, 0xff,
	0xc0, 0x03, 0xff, 0xc0, 0x03, 0xff, 0xc0, 0x03, 0xff, 0xc0, 0x03, 0xff,
	0xc0, 0x03, 0xff, 0xc0, 0x03, 0xff, 0xc0, 0x03, 0xff, 0xc0, 0x03, 0xff,
	0xc0, 0x03, 0xff, 0xc0, 0x03, 0xff, 0xc0, 0x03, 0xff, 0xc0, 0x03, 0xff,
	0xc0, 0x03, 0xff, 0xc0, 0x03, 0xff, 0xc0, 0x03, 0xff, 0xc0, 0x01, 0xff,
	0x80, 0x00, 0xff, 0x00, 0x00, 0x00, 0x00, 0x00, 0x00, 0x00, 0x00, 0x00,
	0x00, 0x00, 0x00, 0x00, 0x00, 0x00, 0x00, 0x00, 0x00, 0x00, 0x00, 0x00,
	0x00, 0x00, 0x00, 0x00, 0x00, 0x00, 0x00, 0x00, 0x00, 0x00, 0x00, 0x00,
	0x00, 0x00, 0x00, 0x00, 0x00, 0x00, 0x00, 0x00, 0x00, 0x00, 0xc3, 0xc2,
	0xcd, 0x20, 0xc4, 0xcf, 0xd3, 0x20, 0xd6, 0x33, 0x2e, 0x30, 0x20, 0x31,
	0x35, 0x37, 0x31, 0x00, 0xc3, 0xc2, 0xcd, 0x20, 0xc4, 0xcf, 0xd3, 0x20,
	0xd6, 0x32, 0x2e, 0x36, 0x20, 0x31, 0x35, 0x34, 0x31, 0x00, 0xc3, 0xc2,
	0xcd, 0x20, 0xc4, 0xcf, 0xd3, 0x20, 0xd6, 0x31, 0x30, 0x20, 0x31, 0x35,
	0x38, 0x31, 0x00, 0xd5, 0xce, 0xcb, 0xce, 0xcf, 0xd7, 0xce, 0x20, 0xc4,
	0xcf, 0xd3, 0x00, 0x23, 0x00, 0xa5, 0x51, 0x30, 0x12, 0xcd, 0x19, 0x06,
	0x90, 0x0d, 0xa9, 0xff, 0x85, 0x51, 0xa9, 0x00, 0x85, 0x50, 0xa9, 0x01,
	0x4c, 0x69, 0xf9, 0x4c, 0xc7, 0xfa, 0x00, 0xc9, 0x30, 0x00, 0xc4, 0x10,
	0xc3, 0x11, 0xd1, 0x12, 0xf0, 0x13, 0x1f, 0x15, 0x61, 0x16, 0xb6, 0x17,
	0x1f, 0x19, 0x9d, 0x1a, 0x32, 0x1c, 0xdf, 0x1d, 0xa6, 0x1f, 0x20, 0x14,
	0x08, 0x08, 0x20, 0x14, 0x08, 0x08, 0x20, 0x14, 0x08, 0x08, 0x1c, 0x10,
	0x04, 0x1c, 0x00, 0x00, 0x00, 0x06, 0x1e, 0x12, 0x06, 0x08, 0x1e, 0x12,
	0x06, 0x08, 0x1e, 0x12, 0x06, 0x08, 0x1b, 0x0f, 0x03, 0x1e, 0x00, 0x00,
	0x00, 0x04, 0x20, 0x14, 0x08, 0x10, 0x1b, 0x0f, 0x08, 0x10, 0x20, 0x14,
	0x08, 0x08, 0x1b, 0x0f, 0x08, 0x08, 0x20, 0x14, 0x08, 0x08, 0x24, 0x18,
	0x08, 0x08, 0x27, 0x1b, 0x08, 0x14, 0x00, 0x00, 0x00, 0x06, 0x27, 0x1b,
	0x03, 0x10, 0x22, 0x16, 0x03, 0x10, 0x1b, 0x0f, 0x03, 0x08, 0x22, 0x16,
	0x03, 0x08, 0x1b, 0x0f, 0x03, 0x08, 0x1f, 0x13, 0x03, 0x08, 0x22, 0x16,
	0x03, 0x16, 0x00, 0x00, 0x00, 0x06, 0x20, 0x1b, 0x08, 0x0c, 0x25, 0x1d,
	0x0d, 0x14, 0x25, 0x1d, 0x0d, 0x08, 0x24, 0x1b, 0x08, 0x08, 0x25, 0x1d,
	0x0d, 0x10, 0x27, 0x1e, 0x08, 0x10, 0x29, 0x20, 0x0d, 0x18, 0x27, 0x1e,
	0x08, 0x08, 0x25, 0x1d, 0x0d, 0x10, 0x24, 0x1b, 0x08, 0x10, 0x25, 0x1d,
	0x0d, 0x1c, 0x00, 0x00, 0x00, 0x06, 0x29, 0x19, 0x0d, 0x08, 0x2c, 0x1d,
	0x0d, 0x08, 0x31, 0x20, 0x0d, 0x28, 0x00, 0x00, 0x00, 0x08, 0x1d, 0x19,
	0x0d, 0x12, 0x1d, 0x19, 0x0d, 0x12, 0x1e, 0x16, 0x12, 0x12, 0x20, 0x18,
	0x14, 0x12, 0x20, 0x18, 0x14, 0x12, 0x1e, 0x16, 0x12, 0x12, 0x1d, 0x19,
	0x0d, 0x12, 0x1b, 0x18, 0x14, 0x12, 0x19, 0x11, 0x0d, 0x12, 0x19, 0x11,
	0x0d, 0x12, 0x1b, 0x18, 0x14, 0x12, 0x1d, 0x19, 0x0d, 0x12, 0x1d, 0x19,
	0x0d, 0x1b, 0x1b, 0x18, 0x14, 0x09, 0x1b, 0x18, 0x14, 0x18, 0x25, 0x1d,
	0x0d, 0x08, 0x29, 0x20, 0x0d, 0x08, 0x2c, 0x25, 0x0d, 0x28, 0x00, 0x00,
	0x00, 0x08, 0x24, 0x00, 0x00, 0x05, 0x22, 0x00, 0x00, 0x05, 0x21, 0x00,
	0x00, 0x05, 0x22, 0x00, 0x00, 0x05, 0x25, 0x16, 0x0a, 0x0c, 0x27, 0x00,
	0x00, 0x05, 0x25, 0x00, 0x00, 0x05, 0x24, 0x00, 0x00, 0x05, 0x25, 0x00,
	0x00, 0x05, 0x29, 0x19, 0x0a, 0x0c, 0x2a, 0x00, 0x00, 0x05, 0x29, 0x00,
	0x00, 0x05, 0x28, 0x00, 0x00, 0x05, 0x29, 0x00, 0x00, 0x05, 0x30, 0x21,
	0x05, 0x0a, 0x2e, 0x00, 0x00, 0x05, 0x2c, 0x00, 0x00, 0x05, 0x2e, 0x00,
	0x00, 0x05, 0x30, 0x00, 0x00, 0x05, 0x2e, 0x00, 0x00, 0x05, 0x2c, 0x00,
	0x00, 0x05, 0x2e, 0x00, 0x00, 0x05, 0x31, 0x22, 0x0a, 0x14, 0x00, 0x00,
	0x00, 0x06, 0x2e, 0x1d, 0x0a, 0x08, 0x31, 0x1d, 0x0a, 0x08, 0x35, 0x22,
	0x0a, 0x08, 0x2e, 0x26, 0x0a, 0x28, 0x00, 0x00, 0x00, 0x08, 0x20, 0x00,
	0x00, 0x07, 0x25, 0x1d, 0x0d, 0x07, 0x25, 0x1d, 0x0d, 0x07, 0x25, 0x1d,
	0x0d, 0x07, 0x25, 0x1d, 0x0d, 0x07, 0x25, 0x1d, 0x0d, 0x07, 0x27, 0x1e,
	0x0d, 0x07, 0x29, 0x20, 0x0d, 0x07, 0x25, 0x1d, 0x0d, 0x07, 0x27, 0x1e,
	0x08, 0x07, 0x27, 0x1e, 0x08, 0x07, 0x27, 0x1e, 0x08, 0x07, 0x27, 0x1e,
	0x08, 0x07, 0x27, 0x1e, 0x08, 0x07, 0x29, 0x20, 0x08, 0x07, 0x2a, 0x22,
	0x08, 0x07, 0x27, 0x1e, 0x08, 0x07, 0x29, 0x19, 0x0d, 0x07, 0x29, 0x19,
	0x0d, 0x07, 0x29, 0x19, 0x0d, 0x07, 0x29, 0x19, 0x0d, 0x07, 0x2a, 0x22,
	0x12, 0x07, 0x29, 0x20, 0x0d, 0x07, 0x27, 0x1e, 0x08, 0x07, 0x25, 0x1d,
	0x0d, 0x14, 0x00, 0x00, 0x00, 0x06, 0x29, 0x19, 0x0d, 0x08, 0x2c, 0x1d,
	0x0d, 0x08, 0x31, 0x20, 0x0d, 0x28, 0x00, 0x00, 0x00, 0x08, 0x09, 0x53,
	0x0a, 0x31, 0x53, 0x10, 0x71, 0x53, 0x10, 0xb1, 0x53, 0x13, 0xfd, 0x53,
	0x1d, 0x71, 0x54, 0x1e, 0x71, 0x53, 0x10, 0x00, 0x40, 0x80, 0xc0, 0x00,
	0x40, 0x80, 0xc0, 0x00, 0x40, 0x80, 0xc0, 0x00, 0x40, 0x80, 0xc0, 0x00,
	0x40, 0x80, 0xc0, 0x00, 0x40, 0x80, 0xc0, 0x00, 0x00, 0x01, 0x02, 0x03,
	0x05, 0x06, 0x07, 0x08, 0x0a, 0x0b, 0x0c, 0x0d, 0x0f, 0x10, 0x11, 0x12,
	0x14, 0x15, 0x16, 0x17, 0x19, 0x1a, 0x1b, 0x1c, 0x1e, 0x00, 0x28, 0x50,
	0x78, 0xa0, 0xc8, 0xf0, 0x18, 0x40, 0x68, 0x90, 0xb8, 0xe0, 0x08, 0x30,
	0x58, 0x80, 0xa8, 0xd0, 0xf8, 0x20, 0x48, 0x70, 0x98, 0xc0, 0x00, 0x00,
	0x00, 0x00, 0x00, 0x00, 0x00, 0x01, 0x01, 0x01, 0x01, 0x01, 0x01, 0x02,
	0x02, 0x02, 0x02, 0x02, 0x02, 0x02, 0x03, 0x03, 0x03, 0x03, 0x03, 0x80,
	0x40, 0x20, 0x10, 0x08, 0x04, 0x02, 0x01, 0x00, 0x80, 0xc0, 0xe0, 0xf0,
	0xf8, 0xfc, 0xfe, 0xff, 0x68, 0x49, 0x2e, 0x49, 0x08, 0x57, 0x4f, 0x52,
	0x4b, 0x44, 0x49, 0x53, 0x4b, 0x00, 0x00, 0x00, 0x00, 0x00, 0x00, 0x00,
	0x00, 0x00, 0x36, 0x34, 0x00, 0xc6, 0x33, 0x20, 0x30, 0x2e, 0x30, 0xd3,
	0x20, 0x00, 0x03, 0x00, 0x23, 0x12, 0x08, 0x00, 0x00, 0x68, 0x01, 0x01,
	0xa0, 0x02, 0x18, 0x88, 0xb9, 0x75, 0x55, 0x8d, 0xb5, 0x55, 0x88, 0xb9,
	0x75, 0x55, 0x8d, 0xb4, 0x55, 0x8c, 0xb9, 0x55, 0x20, 0xff, 0xff, 0xb0,
	0x04, 0xa0, 0xff, 0xd0, 0xe6, 0x60, 0x00, 0x00, 0x00, 0x00, 0x8d, 0xcf,
	0x55, 0x8e, 0xd0, 0x55, 0x8d, 0xd6, 0x55, 0x8e, 0xd7, 0x55, 0x88, 0xb9,
	0xff, 0xff, 0x8d, 0xe0, 0x55, 0x88, 0xb9, 0xff, 0xff, 0x8d, 0xdf, 0x55,
	0x8c, 0xe2, 0x55, 0x20, 0xff, 0xff, 0xa0, 0xff, 0xd0, 0xe8, 0x60, 0x4c,
	0xff, 0x00, 0x4c, 0x00, 0x00, 0x4c, 0xff, 0xff, 0x00, 0x00, 0x00, 0x00,
	0x00, 0x00, 0x00, 0x00, 0x00, 0x00, 0x00, 0x00, 0x00, 0x00, 0x00, 0x00,
	0x00, 0x00, 0x00, 0x00, 0x00, 0x00, 0x00, 0x00, 0x00, 0x00, 0x00, 0x00,
	0xa0, 0x02, 0xf0, 0x07, 0xa9, 0x44, 0xa2, 0x56, 0x4c, 0xc1, 0x55, 0x60,
	0xa2, 0x19, 0xb5, 0x02, 0x9d, 0xf1, 0x55, 0xca, 0x10, 0xf8, 0xa9, 0x00,
	0xa2, 0x57, 0x85, 0x02, 0x86, 0x03, 0xa9, 0x0e, 0x20, 0xd2, 0xff, 0x4c,
	0x0b, 0x56, 0xad, 0x14, 0x03, 0xae, 0x15, 0x03, 0x8d, 0xea, 0x55, 0x8e,
	0xeb, 0x55, 0xa9, 0x40, 0xa2, 0x08, 0x4c, 0x6e, 0x49, 0x31, 0x56
};

#endif /* HEADCRASH_PRG_H */
